pH,Turbidity,Diarrhea,Vomiting,Fever,Skin_Rash,Jaundice,Stomach_Pain,Label
5.12,9.66,0,0,0,0,0,0,Fungi
5.85,0.71,0,0,0,0,0,0,None
8.24,91.89,0,0,0,0,0,1,Salmonella
6.2,4.83,0,0,1,0,0,0,None
5.77,2.28,0,0,0,0,0,0,None
4.95,12.25,0,0,0,1,0,0,Fungi
4.33,9.22,0,0,0,0,0,0,Fungi
9.29,6.64,0,0,0,0,0,0,Sulfate-Reducing Bacteria
5.81,8.91,1,0,0,0,0,0,Protozoa
9.9,9.36,0,0,0,0,0,0,Sulfate-Reducing Bacteria
7.38,14.96,1,0,0,0,0,1,E. coli
9.27,0.42,0,0,0,0,0,0,Sulfate-Reducing Bacteria
6.39,80.91,1,1,0,0,0,1,Vibrio cholerae
8.92,5.17,0,0,1,0,0,0,None
5.65,60.0,1,0,0,0,0,0,Protozoa
7.67,0.41,0,0,0,0,0,0,None
4.12,5.81,1,1,0,0,0,1,Vibrio cholerae
8.63,22.29,1,1,0,0,0,1,Vibrio cholerae
4.17,10.65,1,1,0,1,0,1,Vibrio cholerae
7.5,0.97,0,0,0,0,0,0,None
7.02,4.1,0,0,0,0,0,0,None
5.85,4.4,0,0,0,0,0,0,None
8.4,21.08,1,1,0,0,0,1,Vibrio cholerae
6.98,14.2,1,0,0,0,0,1,E. coli
4.28,11.69,0,0,0,0,0,0,Fungi
8.21,14.61,1,0,0,0,0,1,E. coli
6.09,91.38,1,1,0,0,0,1,E. coli
6.14,10.31,1,0,0,0,0,0,Protozoa
9.07,69.47,1,1,0,0,0,1,Vibrio cholerae
6.15,2.02,0,0,0,0,1,0,Hepatitis A/E
5.65,6.67,1,0,0,0,0,1,E. coli
5.23,13.41,0,0,0,0,0,0,Fungi
6.93,66.92,1,1,0,0,0,0,Viruses
8.24,12.69,1,0,0,0,0,1,E. coli
8.73,3.9,0,0,1,0,0,0,None
7.93,8.7,1,1,1,0,0,1,Salmonella
6.65,0.87,0,0,0,0,0,0,None
5.61,8.84,1,0,0,0,0,0,Protozoa
5.76,5.89,1,0,0,0,0,0,Protozoa
9.23,2.24,0,0,0,0,0,0,Sulfate-Reducing Bacteria
9.35,10.66,1,1,0,0,0,1,Vibrio cholerae
9.82,10.09,0,0,0,0,0,0,Sulfate-Reducing Bacteria
6.51,5.38,1,0,0,0,0,0,Protozoa
5.98,88.07,1,0,0,0,0,1,E. coli
4.56,6.02,0,0,0,0,0,0,Fungi
9.74,7.53,1,0,1,0,0,1,Salmonella
9.09,87.87,0,0,1,0,1,0,Hepatitis A/E
6.8,8.37,1,1,0,0,0,1,Vibrio cholerae
6.07,2.54,0,0,0,0,0,0,None
9.32,0.44,0,0,0,0,0,0,Sulfate-Reducing Bacteria
9.2,7.29,1,1,0,0,0,1,Vibrio cholerae
9.49,5.87,0,0,0,0,0,0,Sulfate-Reducing Bacteria
5.63,3.12,0,0,0,0,0,0,None
7.03,99.33,1,0,0,0,0,1,E. coli
6.81,12.57,1,0,0,0,0,1,E. coli
5.72,4.87,1,1,0,0,0,1,Vibrio cholerae
7.35,27.62,1,0,0,0,0,1,E. coli
5.05,11.43,0,0,0,0,0,0,Fungi
5.83,41.2,1,1,0,0,0,1,E. coli
5.79,4.18,0,0,0,0,0,0,None
5.52,14.78,1,1,0,0,0,1,Vibrio cholerae
7.91,7.5,1,0,0,1,0,1,Cyanobacteria
4.71,3.08,1,1,0,0,0,1,Vibrio cholerae
9.23,20.3,0,0,0,0,0,0,Sulfate-Reducing Bacteria
7.38,1.99,0,0,0,0,0,0,None
9.98,4.6,0,0,0,0,0,0,Sulfate-Reducing Bacteria
6.22,1.94,0,0,1,0,0,0,None
9.64,15.14,0,0,0,0,0,0,Sulfate-Reducing Bacteria
8.0,11.3,1,1,0,0,0,1,E. coli
8.73,6.96,0,0,0,0,0,0,None
8.87,9.46,0,0,0,0,0,0,None
4.51,83.46,0,0,0,1,0,0,Fungi
5.59,20.27,1,0,0,0,0,0,Protozoa
9.09,69.17,0,0,1,0,1,0,Hepatitis A/E
9.66,53.84,0,0,0,0,0,0,Sulfate-Reducing Bacteria
9.19,14.16,0,0,0,0,0,0,Sulfate-Reducing Bacteria
9.72,9.78,0,0,0,0,0,0,Sulfate-Reducing Bacteria
4.24,9.07,0,0,0,1,0,0,Fungi
9.95,12.07,1,1,0,0,0,1,Vibrio cholerae
9.05,2.66,0,0,0,0,0,0,Sulfate-Reducing Bacteria
5.87,2.04,0,0,0,0,0,0,None
5.58,6.26,1,0,0,0,0,1,E. coli
6.99,1.92,0,0,0,0,0,1,None
8.74,1.34,0,0,0,0,0,0,None
6.57,14.42,1,1,0,0,0,0,Viruses
7.2,2.22,0,0,0,0,0,0,None
4.18,12.78,0,0,0,0,0,0,Fungi
8.76,10.44,0,0,1,0,0,0,None
6.16,10.79,1,1,0,0,0,1,E. coli
5.65,11.3,1,0,0,0,0,1,E. coli
8.24,11.23,1,0,0,0,0,1,E. coli
7.01,63.03,1,1,0,0,0,1,Vibrio cholerae
6.01,9.0,1,1,1,0,0,1,Salmonella
8.0,56.59,0,0,0,0,1,0,Hepatitis A/E
9.1,12.27,1,0,1,0,0,1,Salmonella
5.25,1.79,0,0,0,0,0,0,Fungi
6.73,11.81,1,1,0,0,0,0,Viruses
9.58,7.07,1,0,1,0,0,1,Salmonella
8.06,24.5,1,1,0,0,0,1,Vibrio cholerae
5.82,7.16,1,1,0,0,0,0,Viruses
8.65,9.9,0,0,0,0,0,1,None
7.39,0.94,0,0,0,0,0,0,None
6.82,5.95,1,0,0,0,0,0,Protozoa
4.25,4.67,0,0,0,0,0,0,Fungi
9.64,18.08,0,0,0,0,0,0,Sulfate-Reducing Bacteria
4.55,12.36,0,0,0,0,0,0,Fungi
9.57,98.17,0,0,0,0,0,0,Sulfate-Reducing Bacteria
5.97,13.38,1,0,0,0,0,1,E. coli
8.58,4.32,0,0,0,0,0,0,None
8.93,6.69,0,0,1,0,0,0,None
9.34,11.61,1,0,1,0,0,1,Salmonella
4.26,45.76,0,0,0,1,0,0,Fungi
6.0,1.89,0,0,0,0,0,0,None
7.71,81.66,1,0,0,0,0,1,E. coli
8.64,10.97,0,0,0,0,0,1,Vibrio cholerae
5.05,7.85,0,0,0,0,0,0,Fungi
7.35,95.37,1,1,0,0,0,1,E. coli
8.4,62.66,1,1,0,0,0,1,Vibrio cholerae
5.42,80.31,0,0,0,0,0,0,Fungi
6.5,6.76,1,1,0,0,0,1,E. coli
9.78,52.52,0,0,0,0,0,0,Sulfate-Reducing Bacteria
8.51,9.93,0,0,0,0,0,0,None
8.79,41.26,1,1,0,0,0,1,Vibrio cholerae
9.04,14.72,1,1,0,0,0,1,Vibrio cholerae
4.7,6.97,0,0,0,1,0,0,Fungi
6.14,13.16,1,0,0,0,0,1,E. coli
8.38,7.49,0,0,0,0,0,0,Viruses
7.46,5.57,1,1,0,0,0,1,E. coli
6.85,9.22,1,1,0,0,0,1,Vibrio cholerae
8.54,12.55,0,0,0,0,0,0,None
6.34,14.31,1,0,0,0,0,0,Protozoa
5.93,5.95,1,0,0,0,0,0,Protozoa
9.35,63.27,0,0,0,0,0,0,Sulfate-Reducing Bacteria
4.38,10.6,0,0,0,1,0,0,Fungi
6.9,11.34,0,0,0,0,1,0,Hepatitis A/E
7.56,10.29,1,0,0,0,0,1,E. coli
7.35,4.72,0,0,0,0,0,0,None
8.65,0.35,0,0,0,0,0,0,None
4.88,11.0,0,0,0,0,0,0,Fungi
9.99,7.32,0,0,0,0,0,0,Sulfate-Reducing Bacteria
4.41,7.94,1,0,1,0,0,1,Salmonella
8.28,9.41,1,0,1,0,0,1,Salmonella
8.11,1.23,0,0,0,0,0,0,None
9.55,13.03,0,0,1,0,1,0,Hepatitis A/E
6.7,16.89,1,1,0,0,0,1,E. coli
8.26,12.94,1,0,0,0,0,1,E. coli
9.76,4.3,0,0,0,0,0,0,Sulfate-Reducing Bacteria
9.09,1.25,0,0,0,0,0,0,Sulfate-Reducing Bacteria
6.94,13.83,1,0,0,0,0,1,E. coli
6.01,55.57,0,0,0,0,0,1,E. coli
8.15,23.84,1,0,0,0,0,1,E. coli
4.28,5.44,0,0,0,1,0,0,Fungi
6.5,3.44,0,0,0,0,0,0,None
5.82,9.39,1,0,0,0,0,0,Protozoa
6.14,5.42,1,1,0,0,0,1,Vibrio cholerae
8.44,11.34,1,1,0,0,0,1,Vibrio cholerae
5.45,11.02,1,0,1,0,0,1,Salmonella
7.11,1.74,0,0,0,0,0,1,None
9.96,86.46,0,0,0,0,0,0,Sulfate-Reducing Bacteria
9.48,14.74,0,0,0,0,0,0,Sulfate-Reducing Bacteria
5.28,39.83,0,0,0,0,0,0,Fungi
5.85,5.42,1,0,1,0,0,1,Salmonella
8.02,3.34,0,0,1,0,0,0,None
4.5,13.88,1,0,1,0,0,1,Salmonella
7.64,12.38,1,0,0,0,0,0,Protozoa
8.1,13.63,1,1,0,0,0,1,Vibrio cholerae
8.4,9.91,1,0,0,0,0,1,E. coli
8.78,9.3,0,0,0,0,0,1,None
9.8,12.79,0,0,0,0,0,0,Sulfate-Reducing Bacteria
5.13,12.34,0,0,0,1,0,0,Fungi
7.34,13.63,1,1,0,0,0,1,E. coli
5.79,6.15,1,0,0,0,0,1,E. coli
8.71,9.44,1,0,1,0,0,1,Salmonella
8.95,5.9,0,0,0,0,0,0,None
4.82,13.26,0,0,0,0,0,0,Fungi
4.16,11.2,0,0,0,1,0,0,Fungi
9.68,0.18,1,0,1,0,0,1,Salmonella
6.81,0.59,0,0,0,0,1,0,Hepatitis A/E
7.05,9.09,1,0,0,0,0,0,Protozoa
7.89,7.51,1,1,0,1,0,1,Cyanobacteria
5.33,66.88,0,0,0,0,0,0,Fungi
7.72,10.84,1,0,0,0,0,1,E. coli
9.38,12.2,0,0,0,0,0,0,Sulfate-Reducing Bacteria
7.82,6.97,1,0,0,0,0,1,E. coli
7.47,21.08,1,1,0,0,0,0,Viruses
7.86,2.52,0,0,0,0,0,0,None
4.2,84.71,1,1,0,0,0,1,Vibrio cholerae
7.6,14.34,0,0,0,0,0,1,E. coli
9.35,6.79,1,1,0,0,0,1,Vibrio cholerae
5.22,13.38,1,1,0,1,0,1,Vibrio cholerae
7.57,14.18,1,0,1,0,0,1,Salmonella
7.11,94.19,1,1,0,0,0,0,Viruses
7.37,7.2,1,1,0,0,0,1,E. coli
6.66,68.37,0,0,0,0,1,0,Hepatitis A/E
9.43,2.58,0,0,0,0,0,0,Sulfate-Reducing Bacteria
5.25,23.43,0,0,0,0,0,0,Fungi
4.79,2.93,0,0,0,0,0,0,Fungi
8.7,53.57,0,0,0,0,0,0,None
5.84,8.76,1,0,0,0,0,1,E. coli
4.7,21.82,0,0,0,1,0,0,Fungi
4.08,2.24,0,0,0,0,0,0,Fungi
8.59,0.5,0,0,1,0,0,0,None
4.95,6.65,0,0,0,1,0,0,Fungi
5.37,13.06,0,0,1,0,1,0,Hepatitis A/E
6.51,12.72,1,1,0,0,0,1,Vibrio cholerae
4.72,5.69,0,0,0,1,0,0,Fungi
9.63,94.17,0,0,0,0,0,0,Sulfate-Reducing Bacteria
7.6,7.64,0,0,1,0,1,0,Hepatitis A/E
7.87,12.05,1,1,0,0,0,1,E. coli
5.88,11.67,1,0,0,0,0,0,Protozoa
5.18,2.61,0,0,0,0,0,0,Fungi
4.77,10.26,1,1,0,0,0,1,Vibrio cholerae
5.95,1.32,1,0,1,0,0,1,Salmonella
5.16,3.03,0,0,0,1,0,0,Fungi
6.72,45.04,1,0,0,0,0,1,E. coli
7.52,3.76,0,0,0,0,0,0,None
8.7,4.41,1,0,1,0,0,1,Salmonella
8.1,45.22,1,1,0,0,0,1,Vibrio cholerae
9.07,12.87,0,0,0,0,0,0,Sulfate-Reducing Bacteria
7.04,72.04,1,0,0,0,0,1,E. coli
7.33,27.91,1,0,0,0,0,0,Protozoa
6.07,67.6,1,0,0,0,0,1,E. coli
9.43,82.99,1,1,0,0,0,1,Vibrio cholerae
5.06,4.46,0,0,0,0,1,0,Hepatitis A/E
7.3,10.01,1,1,0,0,0,1,Vibrio cholerae
4.25,2.12,0,0,0,0,0,0,Fungi
8.47,1.67,0,0,0,0,0,0,None
7.61,2.99,0,0,0,0,0,0,None
4.83,0.21,0,0,0,0,0,0,Fungi
6.29,13.86,1,1,0,0,0,1,Vibrio cholerae
7.31,9.7,1,0,0,0,0,1,E. coli
7.39,13.56,1,0,0,0,0,1,E. coli
8.14,4.43,1,1,0,0,0,1,Vibrio cholerae
4.91,4.29,1,1,0,1,0,1,Vibrio cholerae
4.12,7.84,1,0,1,0,0,1,Salmonella
7.57,6.27,1,1,1,0,0,1,Salmonella
5.57,23.64,1,1,0,0,0,1,Vibrio cholerae
9.93,6.28,0,0,0,0,0,0,Sulfate-Reducing Bacteria
7.08,10.65,1,0,1,0,0,1,Salmonella
9.38,9.92,0,0,0,0,0,0,Sulfate-Reducing Bacteria
8.91,4.44,0,0,0,0,0,0,None
5.83,3.15,0,0,0,0,1,0,Hepatitis A/E
9.82,2.91,1,0,1,0,0,1,Salmonella
9.87,78.02,0,0,0,0,0,0,Sulfate-Reducing Bacteria
4.21,3.67,0,0,0,0,0,0,Fungi
5.3,11.78,1,0,1,0,0,1,Salmonella
6.73,9.65,1,1,1,0,0,1,Salmonella
4.23,84.71,1,1,0,0,0,1,Vibrio cholerae
5.14,5.36,0,0,1,0,1,0,Hepatitis A/E
4.13,4.41,1,0,1,0,0,1,Salmonella
5.93,6.09,1,0,0,0,0,1,E. coli
4.45,11.11,0,0,0,0,0,0,Fungi
8.39,11.34,0,0,0,0,0,1,Salmonella
8.12,0.24,0,0,0,0,0,0,None
5.88,9.19,1,0,0,0,0,1,E. coli
5.57,7.8,1,1,0,0,0,1,E. coli
4.54,7.08,0,0,0,0,0,0,Fungi
7.65,10.43,1,0,0,1,0,1,Cyanobacteria
8.86,2.44,0,0,1,0,0,0,None
8.16,78.88,1,0,0,0,0,1,E. coli
5.55,0.5,0,0,0,0,0,0,None
9.99,3.68,0,0,0,0,0,0,Sulfate-Reducing Bacteria
5.83,60.8,1,1,0,0,0,1,E. coli
8.94,7.76,0,0,0,0,0,0,None
9.35,0.19,0,0,0,0,0,0,Sulfate-Reducing Bacteria
9.71,10.58,0,0,0,0,0,0,Sulfate-Reducing Bacteria
8.14,14.48,1,1,0,1,0,1,Cyanobacteria
8.74,2.43,0,0,0,0,0,0,None
7.39,76.32,1,0,0,0,0,1,E. coli
4.02,8.57,0,0,0,0,0,0,Fungi
4.34,14.16,0,0,0,0,0,0,Fungi
6.51,2.04,0,0,0,0,0,0,None
7.32,4.42,0,0,0,0,0,0,None
8.17,52.55,0,0,0,0,1,0,Hepatitis A/E
8.07,7.54,1,0,0,0,0,1,E. coli
8.54,3.65,0,0,0,0,0,0,None
4.92,3.48,1,0,1,0,0,1,Salmonella
8.68,5.87,0,0,0,0,0,0,None
6.66,2.08,0,0,1,0,1,0,Hepatitis A/E
4.39,7.55,0,0,0,1,0,0,Fungi
4.18,5.81,0,0,0,0,0,0,Fungi
9.63,4.13,0,0,0,0,0,0,Sulfate-Reducing Bacteria
4.7,8.48,0,0,0,0,0,0,Fungi
8.93,24.28,1,1,0,0,0,1,Vibrio cholerae
5.16,8.59,0,0,0,0,0,0,Fungi
6.91,28.42,1,0,0,0,0,1,E. coli
7.35,3.39,0,0,0,0,0,1,None
7.91,22.36,1,0,0,0,0,0,Protozoa
4.65,0.57,1,0,1,0,0,1,Salmonella
5.89,13.2,1,0,0,0,0,1,E. coli
5.54,15.15,1,1,0,0,0,1,E. coli
4.6,11.65,0,0,0,1,0,0,Fungi
5.09,14.1,1,1,0,0,0,1,Vibrio cholerae
9.95,13.56,0,0,0,0,0,0,Sulfate-Reducing Bacteria
8.63,0.43,0,0,0,0,0,0,None
5.79,7.23,1,0,0,0,0,1,E. coli
7.09,98.78,1,0,0,0,0,0,Protozoa
7.05,6.29,1,0,0,0,0,1,E. coli
7.96,10.59,1,1,0,1,0,1,Cyanobacteria
7.76,1.33,1,0,1,0,0,1,Salmonella
8.73,4.0,0,0,0,0,0,0,None
5.31,13.17,0,0,0,1,0,0,Fungi
9.47,17.99,1,1,0,0,0,1,Vibrio cholerae
9.25,7.21,0,0,0,0,0,0,Sulfate-Reducing Bacteria
7.3,1.57,0,0,0,0,0,0,None
6.52,13.0,1,0,0,0,0,1,E. coli
4.88,8.61,0,0,0,0,0,0,Fungi
6.42,23.11,1,0,0,0,0,0,Protozoa
5.32,4.16,0,0,0,0,0,0,Fungi
7.99,7.58,1,1,0,0,0,0,Viruses
4.91,10.39,1,1,0,0,0,1,Vibrio cholerae
8.54,12.51,0,0,0,0,0,0,None
5.51,6.64,1,0,0,0,0,1,E. coli
4.2,12.07,1,1,0,0,0,1,Vibrio cholerae
7.76,4.89,0,0,0,0,0,0,None
8.04,33.23,1,0,0,0,0,1,E. coli
9.31,5.26,0,0,0,0,0,0,Sulfate-Reducing Bacteria
4.88,8.05,0,0,0,1,0,0,Fungi
9.44,89.48,0,0,0,0,0,0,Sulfate-Reducing Bacteria
4.31,4.5,1,1,0,1,0,1,Vibrio cholerae
9.49,11.7,0,0,0,0,0,0,Sulfate-Reducing Bacteria
8.71,10.85,1,1,0,0,0,1,Vibrio cholerae
4.71,29.56,0,0,0,1,0,0,Fungi
4.21,42.78,0,0,0,1,0,0,Fungi
4.68,14.39,0,0,0,0,0,0,Fungi
4.8,1.5,0,0,0,1,0,0,Fungi
7.79,39.44,1,0,1,0,0,1,Salmonella
5.09,20.43,1,0,1,0,0,1,Salmonella
7.72,14.15,1,0,0,0,0,1,E. coli
6.2,10.08,1,0,0,0,0,1,E. coli
9.53,11.92,1,1,0,0,0,1,Vibrio cholerae
6.98,4.21,0,0,0,0,0,0,None
6.84,32.1,0,0,0,0,0,1,E. coli
9.5,6.87,0,0,0,0,0,0,Sulfate-Reducing Bacteria
5.68,14.7,1,1,0,0,0,1,Vibrio cholerae
8.87,10.77,1,0,1,0,0,1,Salmonella
8.12,7.45,1,0,0,0,0,1,E. coli
5.11,76.69,0,0,0,0,0,0,Fungi
7.92,4.73,0,0,0,0,0,0,None
5.82,8.15,1,1,0,0,0,1,Vibrio cholerae
4.57,5.82,0,0,0,1,0,0,Fungi
8.81,28.32,0,0,1,0,0,0,None
7.17,10.3,1,1,0,0,0,1,Vibrio cholerae
8.42,25.74,1,0,0,0,0,0,Protozoa
4.58,7.46,0,0,0,0,0,0,Fungi
4.77,9.21,0,0,0,0,0,0,Fungi
5.28,12.93,0,0,0,1,0,0,Fungi
7.61,1.5,0,0,0,0,0,0,None
8.96,4.47,0,0,0,0,0,0,None
4.97,6.11,0,0,0,0,0,0,Fungi
6.76,7.23,1,1,0,0,0,1,Vibrio cholerae
8.04,91.51,1,1,0,1,0,1,Cyanobacteria
9.79,10.67,0,0,0,0,0,0,Sulfate-Reducing Bacteria
8.62,4.8,0,0,0,0,0,0,None
9.16,13.76,0,0,0,0,0,0,Sulfate-Reducing Bacteria
7.41,7.91,1,1,0,0,0,1,Vibrio cholerae
8.98,13.81,0,0,0,0,0,0,None
5.56,1.28,0,0,0,0,0,0,None
6.39,13.96,1,0,0,0,0,1,E. coli
8.75,1.37,0,0,0,0,0,0,None
6.02,11.81,1,0,0,0,0,1,E. coli
8.64,1.88,0,0,0,0,0,0,None
5.67,4.32,1,1,0,0,0,1,Vibrio cholerae
8.93,3.19,0,0,0,0,0,0,None
7.52,1.1,0,0,1,0,1,0,Hepatitis A/E
9.08,0.7,0,0,0,0,1,0,Hepatitis A/E
8.61,8.86,0,0,0,0,0,0,None
4.04,9.5,0,0,0,0,0,0,Fungi
9.98,6.8,0,0,0,0,0,0,Sulfate-Reducing Bacteria
6.68,3.6,0,0,0,0,1,0,Hepatitis A/E
7.19,8.58,1,1,0,0,0,1,Vibrio cholerae
8.79,14.56,0,0,0,0,0,0,None
7.63,9.01,1,1,0,0,0,1,Vibrio cholerae
6.27,7.83,0,0,0,0,1,0,Hepatitis A/E
7.79,6.24,1,1,0,0,0,1,E. coli
8.28,78.56,1,0,0,0,0,1,E. coli
4.68,9.68,0,0,0,1,0,0,Fungi
4.11,1.94,1,0,1,0,0,1,Salmonella
8.4,8.04,1,0,0,0,0,1,E. coli
4.09,14.56,1,1,0,0,0,1,Vibrio cholerae
7.69,4.63,0,0,0,0,0,0,None
8.83,14.74,0,0,0,0,0,0,None
7.48,6.59,1,0,0,0,0,0,Protozoa
9.8,4.19,0,0,0,0,0,0,Sulfate-Reducing Bacteria
4.33,9.96,0,0,0,0,1,0,Hepatitis A/E
4.09,71.46,0,0,0,0,0,0,Fungi
4.56,12.1,1,1,0,0,0,1,Vibrio cholerae
7.7,9.48,1,0,0,0,0,0,Protozoa
4.58,0.75,0,0,0,1,0,0,Fungi
4.18,3.08,1,1,0,1,0,1,Vibrio cholerae
4.43,7.76,1,1,0,0,0,1,Vibrio cholerae
7.77,39.93,1,1,1,0,0,1,Salmonella
4.17,13.89,0,0,0,0,0,0,Fungi
9.44,3.26,0,0,0,0,1,0,Hepatitis A/E
4.87,9.11,0,0,0,0,0,0,Fungi
6.23,1.08,0,0,0,0,1,0,Hepatitis A/E
9.93,14.1,0,0,0,0,0,0,Sulfate-Reducing Bacteria
7.96,62.85,1,0,0,0,0,0,Protozoa
7.36,0.29,0,0,0,0,0,0,None
8.62,8.29,0,0,1,0,1,0,Hepatitis A/E
5.65,17.48,1,0,0,0,0,1,E. coli
6.51,2.11,0,0,0,0,0,0,None
6.63,1.17,0,0,0,0,0,0,None
6.42,4.49,0,0,0,0,0,0,None
5.42,10.44,0,0,0,0,0,0,Fungi
8.68,11.74,0,0,0,0,0,0,None
5.2,12.97,0,0,0,0,0,0,Fungi
4.64,4.22,0,0,0,0,0,0,Fungi
5.58,6.28,1,1,0,0,0,1,E. coli
5.35,6.09,0,0,0,0,0,0,Fungi
4.77,3.93,0,0,0,0,0,0,Fungi
4.14,12.9,1,0,1,0,0,1,Salmonella
6.11,27.06,1,0,0,0,0,0,Protozoa
9.63,11.48,0,0,0,0,0,0,Sulfate-Reducing Bacteria
4.11,13.4,0,0,0,1,0,0,Fungi
7.87,9.33,1,0,0,0,0,0,Protozoa
7.14,14.12,1,0,0,0,0,1,E. coli
8.87,81.79,0,0,0,0,0,0,None
6.08,0.61,0,0,0,0,0,0,None
4.12,46.56,0,0,0,1,0,0,Fungi
5.15,5.22,0,0,0,0,0,0,Fungi
8.99,7.07,0,0,0,0,0,0,None
7.05,5.59,1,0,0,0,0,0,Protozoa
7.49,68.31,1,0,0,0,0,1,E. coli
7.98,11.67,1,0,0,0,0,1,E. coli
9.43,4.41,0,0,0,0,0,0,Sulfate-Reducing Bacteria
8.02,8.64,1,1,1,0,0,1,Salmonella
9.33,15.51,1,1,0,0,0,1,Vibrio cholerae
7.85,3.88,0,0,0,0,0,1,Salmonella
6.07,65.26,1,1,0,0,0,1,Vibrio cholerae
4.02,8.12,0,0,0,0,0,0,Fungi
9.28,14.05,0,0,0,0,0,0,Sulfate-Reducing Bacteria
5.3,13.07,1,1,0,1,0,1,Vibrio cholerae
6.5,12.21,1,1,0,0,0,1,Vibrio cholerae
5.71,10.9,1,0,1,0,0,1,Salmonella
7.42,13.46,1,1,0,0,0,0,Viruses
4.09,68.39,1,1,0,1,0,1,Vibrio cholerae
7.69,9.31,1,0,0,1,0,1,Cyanobacteria
8.85,2.23,0,0,0,0,0,0,None
8.5,72.77,1,0,0,1,0,1,Cyanobacteria
7.1,9.37,1,0,0,0,0,1,E. coli
4.11,6.18,0,0,0,0,0,0,Fungi
5.25,11.41,1,1,0,1,0,1,Vibrio cholerae
9.58,11.76,0,0,0,0,0,0,Sulfate-Reducing Bacteria
6.4,14.01,1,1,0,0,0,1,E. coli
7.52,14.59,1,0,1,0,0,1,Salmonella
8.5,13.47,1,1,0,0,0,0,Viruses
5.81,6.51,1,0,0,0,0,1,E. coli
7.44,48.13,1,0,0,0,0,0,Protozoa
8.36,6.57,1,0,0,0,0,1,E. coli
8.91,5.97,0,0,0,0,0,0,None
8.36,3.85,0,0,0,0,0,0,None
6.9,9.01,1,1,0,0,0,1,Vibrio cholerae
5.34,1.77,0,0,0,1,0,0,Fungi
4.77,13.61,0,0,0,0,0,0,Fungi
6.01,85.03,1,0,0,0,0,0,Protozoa
6.83,12.77,1,0,0,0,0,0,Protozoa
9.29,7.24,1,1,0,0,0,1,Vibrio cholerae
6.65,6.57,1,1,0,0,0,1,E. coli
7.4,7.67,1,0,0,0,0,0,Protozoa
9.62,2.14,0,0,0,0,0,0,Sulfate-Reducing Bacteria
8.22,1.14,0,0,0,0,0,0,None
6.0,63.58,1,0,0,0,0,0,Protozoa
7.3,6.26,1,0,0,0,0,1,E. coli
5.74,7.44,1,0,0,0,0,0,Protozoa
5.47,12.67,0,0,1,0,1,0,Hepatitis A/E
5.79,4.29,1,1,0,0,0,1,Vibrio cholerae
4.53,2.83,0,0,0,0,0,0,Fungi
7.1,3.87,0,0,1,0,0,0,None
7.68,4.87,0,0,0,0,1,0,Hepatitis A/E
4.04,12.16,1,0,1,0,0,1,Salmonella
6.23,1.51,0,0,0,0,0,0,None
7.77,3.17,1,1,0,0,0,1,Vibrio cholerae
9.99,12.24,1,0,1,0,0,1,Salmonella
5.69,32.6,1,0,0,0,0,1,E. coli
5.25,69.93,0,0,0,1,0,0,Fungi
4.41,7.6,1,1,0,0,0,1,Vibrio cholerae
5.47,11.24,0,0,0,0,0,0,Fungi
6.51,6.43,1,0,0,0,0,1,E. coli
6.49,5.11,1,0,0,0,0,0,Protozoa
4.55,6.72,0,0,0,1,0,0,Fungi
7.01,1.14,0,0,1,0,0,0,None
6.75,0.12,0,0,0,0,0,0,None
7.31,16.6,1,1,1,0,0,1,Salmonella
4.91,13.32,0,0,0,0,1,0,Hepatitis A/E
4.28,9.16,1,1,0,0,0,1,Vibrio cholerae
8.65,12.02,0,0,0,0,0,0,None
4.51,10.54,0,0,0,0,0,0,Fungi
4.93,14.86,0,0,0,1,0,0,Fungi
6.61,9.66,1,1,0,0,0,1,Vibrio cholerae
8.52,10.74,0,0,0,0,0,0,None
9.77,34.15,1,0,1,0,0,1,Salmonella
7.66,61.83,0,0,0,0,0,1,Vibrio cholerae
6.13,10.82,1,0,0,0,0,1,E. coli
9.51,11.4,1,1,0,0,0,1,Vibrio cholerae
5.28,15.66,0,0,0,1,0,0,Fungi
6.76,7.77,1,1,0,0,0,1,Vibrio cholerae
5.07,13.69,0,0,0,1,0,0,Fungi
9.9,13.09,0,0,0,0,0,0,Sulfate-Reducing Bacteria
5.5,7.92,1,0,0,0,0,1,E. coli
7.64,12.14,1,1,0,0,0,1,E. coli
9.0,41.97,0,0,0,0,0,0,None
9.59,6.14,0,0,0,0,0,0,Sulfate-Reducing Bacteria
8.7,2.82,1,0,1,0,0,1,Salmonella
5.57,2.67,0,0,0,0,0,0,None
8.93,1.05,0,0,0,0,0,0,None
6.59,0.75,0,0,0,0,0,0,None
6.56,9.51,0,0,0,0,0,1,E. coli
8.42,17.29,1,0,0,0,0,0,Protozoa
6.02,45.21,1,0,0,0,0,1,E. coli
5.38,9.53,0,0,0,0,1,0,Hepatitis A/E
5.43,80.99,0,0,0,0,0,0,Fungi
5.82,66.89,1,0,0,0,0,1,E. coli
6.2,11.0,1,0,1,0,0,1,Salmonella
6.48,95.04,1,1,0,0,0,1,Vibrio cholerae
4.61,34.01,0,0,0,1,0,0,Fungi
5.33,7.44,0,0,0,0,0,0,Fungi
9.15,14.59,0,0,0,0,0,0,Sulfate-Reducing Bacteria
5.66,4.84,1,1,0,0,0,1,Vibrio cholerae
7.42,2.26,0,0,0,0,0,0,None
5.63,47.41,1,0,0,0,0,1,E. coli
6.89,5.01,1,0,0,0,0,1,E. coli
7.03,71.49,1,0,0,0,0,1,E. coli
8.07,4.08,1,0,1,0,0,1,Salmonella
8.84,3.73,0,0,0,0,0,0,None
9.18,13.37,1,1,0,0,0,1,Vibrio cholerae
6.32,9.2,1,1,0,0,0,1,Vibrio cholerae
7.76,33.36,1,1,0,0,0,1,E. coli
8.35,9.27,1,0,0,0,0,1,E. coli
5.69,18.8,1,0,0,0,0,0,Protozoa
4.08,76.65,0,0,0,1,0,0,Fungi
9.29,9.23,0,0,0,0,0,0,Sulfate-Reducing Bacteria
9.84,1.64,1,0,1,0,0,1,Salmonella
5.91,27.04,1,0,0,0,0,0,Protozoa
9.45,5.24,0,0,0,0,0,0,Sulfate-Reducing Bacteria
7.08,45.92,1,1,0,0,0,1,Vibrio cholerae
4.49,14.14,0,0,0,0,0,0,Fungi
5.18,12.57,0,0,0,0,0,0,Fungi
8.28,5.37,1,1,0,0,0,0,Viruses
4.84,9.18,0,0,0,1,0,0,Fungi
9.56,10.82,0,0,0,0,0,0,Sulfate-Reducing Bacteria
6.3,70.04,1,1,0,0,0,0,Viruses
7.61,0.76,0,0,0,0,0,0,None
5.78,3.62,0,0,0,0,0,0,None
7.08,6.19,1,0,0,0,0,1,E. coli
8.54,50.56,0,0,0,0,0,0,None
5.66,4.19,0,0,0,0,0,0,None
9.82,7.36,0,0,0,0,0,0,Sulfate-Reducing Bacteria
7.57,13.83,1,0,0,0,0,0,Protozoa
9.68,3.75,0,0,0,0,0,0,None
8.17,12.54,0,0,0,0,1,0,Hepatitis A/E
6.99,9.08,1,1,0,0,0,1,Vibrio cholerae
8.84,2.72,0,0,0,0,0,0,None
7.2,10.35,1,1,1,0,0,1,Salmonella
4.41,9.79,0,0,0,0,0,0,Fungi
4.28,11.14,1,1,0,0,0,1,Vibrio cholerae
8.41,2.6,0,0,0,0,0,0,None
7.22,3.09,0,0,0,0,1,0,Hepatitis A/E
6.68,10.83,1,0,0,0,0,1,E. coli
4.2,5.64,0,0,0,1,0,0,Fungi
9.11,55.23,0,0,0,0,0,0,Sulfate-Reducing Bacteria
5.38,3.43,0,0,0,1,0,0,Fungi
7.4,1.26,0,0,0,0,0,0,None
6.66,1.22,0,0,0,0,0,0,None
6.83,2.57,0,0,0,0,0,0,None
8.4,9.07,0,0,0,0,0,1,E. coli
4.17,5.6,1,0,1,0,0,1,Salmonella
4.18,30.79,0,0,0,0,0,0,Fungi
5.49,5.72,0,0,0,0,0,0,Fungi
6.34,10.39,1,0,0,0,0,1,E. coli
7.2,14.38,1,0,0,0,0,1,E. coli
8.54,6.4,0,0,0,0,0,1,Vibrio cholerae
4.87,8.55,0,0,0,0,0,0,Fungi
8.65,13.86,0,0,0,0,0,0,None
5.98,12.68,1,0,0,0,0,0,Protozoa
4.08,3.57,0,0,0,0,0,0,Fungi
7.11,11.54,1,1,0,0,0,1,E. coli
5.84,7.82,1,0,0,0,0,1,E. coli
8.24,0.87,0,0,0,1,0,0,Cyanobacteria
9.41,5.24,0,0,0,0,0,0,Sulfate-Reducing Bacteria
8.66,14.09,0,0,0,0,0,0,None
5.03,3.78,0,0,0,0,0,0,Fungi
8.68,3.18,0,0,1,0,1,0,Hepatitis A/E
4.89,1.53,0,0,0,0,0,0,Fungi
6.4,12.45,1,1,0,0,0,1,E. coli
8.6,2.05,0,0,0,0,0,1,None
5.9,6.98,1,1,1,0,0,1,Salmonella
8.59,3.9,1,1,0,0,0,1,Vibrio cholerae
9.25,7.72,1,1,0,0,0,1,Vibrio cholerae
7.34,0.71,0,0,0,0,0,0,None
6.03,6.27,1,0,0,0,0,0,Protozoa
6.25,4.25,0,0,0,0,0,0,None
4.01,14.25,0,0,0,0,0,0,Fungi
7.93,9.36,1,1,0,0,0,1,E. coli
5.5,4.17,0,0,1,0,0,0,None
4.89,17.54,1,1,0,1,0,1,Vibrio cholerae
6.89,1.71,0,0,0,0,0,1,None
4.61,0.33,0,0,0,0,0,0,Fungi
5.74,5.81,1,1,0,0,0,1,E. coli
9.18,14.12,1,0,1,0,0,1,Salmonella
8.04,19.29,0,0,0,0,1,0,Hepatitis A/E
4.46,23.93,0,0,0,0,0,0,Fungi
8.74,11.98,0,0,0,0,0,0,None
7.99,7.99,1,1,0,0,0,1,E. coli
5.71,22.81,1,1,0,0,0,1,Vibrio cholerae
8.37,13.29,1,0,0,0,0,1,E. coli
6.65,4.86,0,0,0,0,0,0,None
7.19,46.37,1,0,0,0,0,1,E. coli
4.06,9.99,0,0,0,0,0,0,Fungi
4.72,5.49,0,0,0,0,0,0,Fungi
9.34,3.96,0,0,0,0,0,0,Sulfate-Reducing Bacteria
6.31,7.71,0,0,0,0,0,0,Protozoa
7.7,8.44,1,0,0,0,0,0,Protozoa
6.83,5.23,1,0,0,0,0,0,Protozoa
7.41,7.57,1,1,0,0,0,1,Vibrio cholerae
4.94,34.44,1,1,0,1,0,1,Vibrio cholerae
5.42,1.76,0,0,0,0,0,0,Fungi
6.13,45.07,1,0,0,0,0,0,Protozoa
4.29,3.14,1,1,0,0,0,1,Vibrio cholerae
7.08,1.02,0,0,0,0,0,0,None
9.57,8.87,0,0,0,0,0,0,Sulfate-Reducing Bacteria
9.64,4.07,1,1,0,0,0,1,Vibrio cholerae
8.16,41.2,1,0,0,0,0,0,Protozoa
6.08,2.66,0,0,0,0,0,1,None
8.57,3.19,0,0,0,0,0,0,None
6.37,3.12,1,1,0,0,0,1,Vibrio cholerae
6.09,0.53,0,0,0,0,0,0,None
6.37,9.23,1,1,0,0,0,1,Vibrio cholerae
4.74,9.09,0,0,0,1,0,0,Fungi
7.64,98.99,1,1,0,0,0,1,E. coli
7.98,4.46,0,0,0,0,0,0,None
9.45,4.88,0,0,0,0,0,0,Sulfate-Reducing Bacteria
4.63,1.79,0,0,0,0,0,0,Fungi
8.73,14.68,0,0,0,0,0,0,None
6.74,4.66,0,0,0,0,0,0,None
8.69,9.93,0,0,0,0,0,0,None
7.07,7.3,1,0,0,0,0,1,E. coli
7.59,11.77,1,1,0,0,0,1,E. coli
4.44,98.25,1,1,0,0,0,1,Vibrio cholerae
8.95,10.61,0,0,0,0,0,0,None
9.43,9.32,0,0,0,0,0,0,Sulfate-Reducing Bacteria
6.74,7.66,1,0,0,0,0,1,E. coli
7.24,12.26,1,0,0,0,0,0,Protozoa
4.38,4.42,0,0,0,0,0,0,Fungi
6.06,14.28,1,0,1,0,0,1,Salmonella
4.41,79.38,0,0,0,1,0,0,Fungi
8.5,0.94,0,0,0,0,0,0,None
8.92,13.36,0,0,0,0,0,0,None
5.58,63.93,1,1,0,0,0,1,Vibrio cholerae
5.02,10.99,0,0,0,0,0,0,Fungi
8.12,4.99,0,0,0,0,0,0,None
9.82,88.15,0,0,0,0,0,0,Sulfate-Reducing Bacteria
6.56,14.61,1,0,0,0,0,1,E. coli
7.76,6.93,1,0,0,0,0,1,E. coli
5.92,5.95,1,0,1,0,0,1,Salmonella
7.89,58.26,1,0,0,0,0,1,E. coli
8.12,12.11,1,0,0,0,0,1,E. coli
9.07,32.45,0,0,0,0,0,0,Sulfate-Reducing Bacteria
8.83,3.92,0,0,0,0,0,0,None
9.81,7.37,0,0,0,0,1,0,Hepatitis A/E
7.06,7.13,1,0,1,0,0,1,Salmonella
7.7,5.71,1,1,0,0,0,1,Vibrio cholerae
7.37,1.07,0,0,0,0,0,0,None
9.43,8.17,0,0,0,0,0,0,Sulfate-Reducing Bacteria
5.82,78.85,1,1,0,0,0,0,Viruses
5.47,13.07,1,1,0,1,0,1,Vibrio cholerae
9.99,96.2,0,0,0,0,0,0,Sulfate-Reducing Bacteria
9.95,9.13,0,0,0,0,0,0,Sulfate-Reducing Bacteria
5.81,6.97,1,0,0,0,0,0,Protozoa
6.35,80.7,1,0,0,0,0,0,Protozoa
4.1,15.22,0,0,0,0,0,0,Fungi
9.97,1.68,0,0,0,0,0,0,Sulfate-Reducing Bacteria
6.74,13.8,1,1,0,0,0,1,Vibrio cholerae
8.15,10.31,1,0,0,0,0,0,Protozoa
6.2,9.56,1,0,0,0,0,1,E. coli
4.31,36.68,0,0,0,0,0,0,Fungi
4.17,6.19,0,0,0,1,0,0,Fungi
5.13,3.83,0,0,0,1,0,0,Fungi
8.68,11.31,0,0,0,0,0,0,None
4.78,40.65,1,1,0,1,0,1,Vibrio cholerae
4.5,40.94,0,0,0,1,0,0,Fungi
7.66,8.66,1,0,0,0,0,0,Protozoa
9.12,9.04,1,0,1,0,0,1,Salmonella
6.8,14.0,1,0,1,0,0,1,Salmonella
4.75,2.44,0,0,0,1,0,0,Fungi
8.09,1.3,0,0,0,0,1,0,Hepatitis A/E
8.51,52.64,0,0,0,0,0,0,None
8.97,70.12,0,0,0,0,0,0,None
6.5,3.38,1,1,0,0,0,1,Vibrio cholerae
6.49,7.72,1,0,0,0,0,1,E. coli
5.38,47.06,0,0,0,0,0,1,Salmonella
4.46,14.22,1,1,0,0,0,1,Vibrio cholerae
5.22,14.16,0,0,0,1,0,0,Fungi
5.66,4.48,0,0,0,0,0,0,None
9.19,12.45,1,0,1,0,0,1,Salmonella
5.37,2.0,0,0,0,1,0,0,Fungi
4.52,5.54,0,0,0,0,0,0,Fungi
5.18,3.79,0,0,0,0,0,0,Fungi
4.01,10.4,0,0,0,0,0,0,Fungi
5.68,7.12,1,0,0,0,0,1,E. coli
9.44,1.72,0,0,0,0,0,0,Sulfate-Reducing Bacteria
6.9,4.79,1,0,1,0,0,1,Salmonella
5.49,75.59,1,0,1,1,0,1,Salmonella
6.55,7.54,1,1,0,0,0,1,E. coli
5.39,14.2,1,0,1,0,0,1,Salmonella
7.72,8.05,1,0,0,0,0,1,E. coli
7.76,8.19,1,0,0,0,0,1,E. coli
7.05,61.3,1,0,0,0,0,0,Protozoa
5.63,4.21,0,0,0,0,0,0,None
7.95,5.91,0,0,1,0,1,0,Hepatitis A/E
7.11,39.33,0,0,1,0,1,0,Hepatitis A/E
6.38,36.89,1,1,0,0,0,1,E. coli
5.57,3.8,0,0,0,0,0,0,None
6.3,0.61,0,0,0,0,0,0,None
4.32,86.52,0,0,0,1,0,0,Fungi
9.07,14.64,0,0,0,0,0,0,Sulfate-Reducing Bacteria
8.39,12.83,1,0,0,0,0,0,Protozoa
9.64,6.49,0,0,0,0,1,0,Hepatitis A/E
6.29,49.16,1,0,0,0,0,0,Protozoa
6.95,5.69,1,0,0,0,0,0,Protozoa
8.63,13.09,0,0,0,0,0,0,None
4.23,68.08,1,1,0,0,0,1,Vibrio cholerae
6.67,0.12,0,0,0,0,0,0,None
8.12,4.83,1,0,1,0,0,1,Salmonella
6.7,8.24,1,1,0,0,0,1,Vibrio cholerae
6.42,26.33,1,1,0,0,0,1,Vibrio cholerae
6.93,4.41,1,0,1,0,0,1,Salmonella
9.53,43.74,0,0,0,0,0,0,Sulfate-Reducing Bacteria
4.89,19.36,0,0,0,1,0,0,Fungi
9.9,6.06,1,1,0,0,0,1,Vibrio cholerae
8.16,11.75,0,0,0,0,0,0,Viruses
4.65,12.41,1,0,1,0,0,1,Salmonella
9.69,9.14,0,0,0,0,0,0,Sulfate-Reducing Bacteria
9.82,53.36,0,0,0,0,0,0,Sulfate-Reducing Bacteria
4.29,8.33,0,0,0,1,0,0,Fungi
6.89,2.53,0,0,0,0,0,0,None
4.53,12.42,0,0,0,1,0,0,Fungi
6.41,42.48,1,0,0,0,0,1,E. coli
5.06,8.9,0,0,0,0,0,0,Fungi
9.79,9.3,0,0,0,0,0,0,Sulfate-Reducing Bacteria
8.49,70.86,1,1,0,0,0,1,E. coli
9.4,10.48,0,0,0,0,0,0,Sulfate-Reducing Bacteria
5.85,4.69,0,0,0,0,0,0,None
9.7,24.03,0,0,0,0,0,0,Sulfate-Reducing Bacteria
9.54,13.18,0,0,0,0,0,0,Sulfate-Reducing Bacteria
9.18,9.96,0,0,0,0,0,0,Sulfate-Reducing Bacteria
7.75,1.96,0,0,0,0,0,0,None
9.36,4.42,0,0,0,0,0,0,Sulfate-Reducing Bacteria
7.93,28.84,1,0,0,0,0,1,E. coli
8.46,6.11,1,1,0,0,0,0,Viruses
6.55,27.41,1,0,0,0,0,1,E. coli
8.01,9.86,1,0,0,0,0,0,Protozoa
7.99,50.26,1,0,0,0,0,0,Protozoa
4.35,7.01,1,1,0,0,0,1,Vibrio cholerae
5.26,9.16,0,0,0,1,0,0,Fungi
9.3,5.89,0,0,0,0,0,0,None
7.63,7.9,1,0,0,0,0,0,Protozoa
9.51,62.36,0,0,0,0,0,0,Sulfate-Reducing Bacteria
7.87,0.72,0,0,0,0,1,0,Hepatitis A/E
7.32,5.51,1,1,0,0,0,1,Vibrio cholerae
7.29,12.06,0,0,0,0,1,0,Hepatitis A/E
8.41,7.75,1,0,0,0,0,1,E. coli
7.83,8.31,1,0,0,0,0,1,E. coli
5.69,5.16,1,1,0,0,0,1,E. coli
7.97,11.47,1,1,0,0,0,1,Vibrio cholerae
9.29,94.1,0,0,0,0,0,0,Sulfate-Reducing Bacteria
8.43,4.24,0,0,0,0,0,1,None
6.05,13.14,1,1,0,0,0,1,E. coli
4.9,3.66,0,0,0,1,0,0,Fungi
9.31,7.64,0,0,0,0,0,0,Sulfate-Reducing Bacteria
7.27,13.02,1,1,0,0,0,1,Vibrio cholerae
9.35,4.43,1,1,0,0,0,1,Vibrio cholerae
4.82,4.5,0,0,0,1,0,0,Fungi
5.95,0.87,0,0,0,0,0,0,None
5.4,8.79,0,0,0,0,0,0,Fungi
7.49,14.96,1,1,0,0,0,1,Vibrio cholerae
6.22,3.49,0,0,0,0,0,0,None
4.35,8.34,0,0,0,1,0,0,Fungi
8.67,13.54,0,0,0,0,0,0,None
6.16,5.16,1,0,0,0,0,1,E. coli
8.54,1.16,0,0,0,0,0,0,None
5.9,3.05,0,0,0,0,0,0,None
5.29,14.45,0,0,0,0,0,0,Fungi
9.35,2.54,0,0,0,0,0,0,Sulfate-Reducing Bacteria
4.83,1.16,0,0,0,0,0,0,Fungi
6.73,2.03,0,0,0,0,0,0,None
8.27,10.13,0,0,1,0,1,0,Hepatitis A/E
6.82,14.95,1,1,1,0,0,1,Salmonella
8.44,9.55,1,1,0,0,0,1,Vibrio cholerae
8.68,8.73,0,0,0,0,0,0,None
8.99,2.1,0,0,0,0,0,0,None
8.77,73.14,0,0,1,0,0,0,None
6.34,10.27,1,0,0,0,0,1,E. coli
5.93,3.85,0,0,0,0,0,0,None
5.55,7.52,1,1,0,0,0,1,Vibrio cholerae
5.92,9.24,1,1,0,0,0,1,Vibrio cholerae
7.04,13.14,1,0,0,0,0,0,Protozoa
6.7,13.37,1,0,0,0,0,1,E. coli
9.25,86.66,0,0,0,0,0,0,Sulfate-Reducing Bacteria
4.71,41.89,0,0,0,1,0,0,Fungi
6.03,61.33,1,1,0,0,0,1,Vibrio cholerae
4.59,9.23,1,1,0,0,0,1,Vibrio cholerae
8.05,5.91,1,1,0,1,0,0,Cyanobacteria
8.8,62.52,0,0,1,0,0,0,None
6.43,14.23,1,1,0,0,0,1,Vibrio cholerae
7.59,5.93,1,1,0,1,0,1,Cyanobacteria
7.54,13.82,1,1,0,0,0,1,Vibrio cholerae
8.8,4.0,0,0,0,0,0,0,None
6.55,43.47,1,0,0,0,0,1,E. coli
4.55,0.61,0,0,1,0,1,0,Hepatitis A/E
9.69,7.52,0,0,0,0,0,0,Sulfate-Reducing Bacteria
5.56,12.33,1,0,0,0,0,1,E. coli
5.37,52.87,0,0,0,0,0,0,Fungi
4.92,6.43,0,0,0,0,0,0,Fungi
7.15,15.68,1,0,0,0,0,1,E. coli
5.47,12.81,0,0,0,0,0,0,Fungi
8.22,2.79,0,0,1,0,1,0,Hepatitis A/E
7.12,11.07,1,0,0,0,0,1,E. coli
8.66,14.45,1,0,1,0,0,1,Salmonella
9.04,10.83,0,0,0,0,0,0,Sulfate-Reducing Bacteria
5.03,8.95,0,0,0,0,0,0,Fungi
7.52,7.81,1,0,0,1,0,1,Cyanobacteria
5.88,5.57,1,0,0,0,0,1,E. coli
8.01,0.46,0,0,0,1,0,0,Cyanobacteria
5.42,64.17,0,0,0,0,0,0,Fungi
9.46,12.09,0,0,0,0,0,0,Sulfate-Reducing Bacteria
6.59,10.9,1,0,0,0,0,1,E. coli
8.29,12.27,1,0,0,0,0,1,E. coli
7.8,0.47,0,0,0,0,0,0,None
6.33,94.05,1,0,0,0,0,1,E. coli
4.2,22.4,0,0,0,1,0,0,Fungi
7.08,5.23,1,1,1,0,0,1,Salmonella
5.26,4.06,0,0,0,0,0,0,Fungi
7.91,10.96,1,1,0,0,0,1,Vibrio cholerae
6.6,9.27,1,0,0,0,0,0,Protozoa
5.17,9.81,1,1,0,0,0,1,Vibrio cholerae
4.62,50.43,0,0,0,0,0,0,Fungi
9.95,5.64,0,0,0,0,0,0,Sulfate-Reducing Bacteria
9.92,64.9,1,1,0,0,0,1,Vibrio cholerae
9.27,6.5,1,1,0,0,0,1,Vibrio cholerae
8.59,0.7,0,0,0,0,0,0,None
4.96,0.71,1,0,1,0,0,1,Salmonella
6.09,5.93,1,0,0,0,0,1,E. coli
6.54,57.75,1,0,0,0,0,0,Protozoa
6.6,10.16,1,0,1,0,0,1,Salmonella
5.93,5.93,1,0,0,0,0,0,Protozoa
5.47,5.92,0,0,0,0,0,0,Fungi
5.62,4.7,1,0,1,0,0,1,Salmonella
5.42,11.76,0,0,0,0,0,0,Fungi
9.51,8.87,1,0,1,0,0,1,Salmonella
6.16,76.88,1,0,0,0,0,0,Protozoa
9.88,19.18,0,0,0,0,0,0,Sulfate-Reducing Bacteria
4.32,9.42,0,0,0,0,0,0,Fungi
6.75,79.36,1,0,0,0,0,1,E. coli
5.22,9.47,0,0,0,1,0,0,Fungi
7.32,9.88,1,0,0,0,0,0,Protozoa
5.63,13.09,1,0,0,0,0,0,Protozoa
4.96,7.82,0,0,0,1,0,0,Fungi
9.17,96.05,0,0,0,0,0,0,Sulfate-Reducing Bacteria
6.25,4.87,1,1,0,0,0,1,Vibrio cholerae
9.48,10.44,0,0,0,0,0,0,None
4.78,6.73,0,0,0,1,0,0,Fungi
5.03,1.73,0,0,0,1,0,0,Fungi
4.22,74.45,1,0,1,0,0,1,Salmonella
6.46,2.52,1,0,1,0,0,1,Salmonella
7.86,91.89,1,1,0,0,0,1,Vibrio cholerae
4.63,26.28,0,0,0,0,0,0,Fungi
7.91,0.71,0,0,0,0,0,0,None
6.36,15.33,1,0,0,0,0,0,Protozoa
8.86,10.57,0,0,0,0,0,0,None
4.19,12.16,1,0,1,0,0,1,Salmonella
4.15,10.13,0,0,0,0,0,0,Fungi
4.36,5.73,0,0,0,1,0,0,Fungi
6.03,5.23,1,1,0,0,0,1,E. coli
9.2,10.95,0,0,0,0,0,0,Sulfate-Reducing Bacteria
7.42,8.32,1,1,0,0,0,1,E. coli
8.8,14.23,0,0,0,0,0,0,None
5.7,10.15,1,1,0,0,0,0,Viruses
6.63,1.01,0,0,0,0,0,0,None
4.55,14.02,0,0,0,0,0,0,Fungi
4.16,8.18,0,0,0,1,0,0,Fungi
9.57,12.27,0,0,0,0,0,0,Sulfate-Reducing Bacteria
5.31,5.41,0,0,0,0,0,0,Fungi
6.07,9.75,0,0,0,0,0,1,E. coli
7.87,10.89,0,0,0,0,1,0,Hepatitis A/E
4.78,92.87,1,0,1,0,0,1,Salmonella
9.25,0.29,0,0,0,0,0,0,Sulfate-Reducing Bacteria
8.68,7.07,1,0,1,0,0,1,Salmonella
5.97,4.65,0,0,0,0,0,0,None
6.16,14.25,1,1,0,0,0,1,Vibrio cholerae
4.54,9.99,0,0,0,0,0,0,Fungi
5.63,2.9,0,0,0,0,0,0,None
8.13,4.74,0,0,0,0,0,0,None
7.7,5.13,1,0,1,0,0,1,Salmonella
6.59,0.54,0,0,0,0,0,0,None
5.2,14.22,0,0,0,0,1,0,Hepatitis A/E
6.4,14.59,1,0,0,0,0,0,Protozoa
8.62,1.02,0,0,0,0,0,0,None
9.62,72.85,0,0,0,0,0,0,Sulfate-Reducing Bacteria
4.75,9.66,0,0,0,1,0,0,Fungi
4.25,0.27,0,0,0,0,0,1,Salmonella
8.8,9.95,1,1,0,0,0,1,Vibrio cholerae
7.92,11.47,1,0,0,1,0,1,Cyanobacteria
8.0,10.55,1,1,0,0,0,1,Vibrio cholerae
8.39,4.35,0,0,0,1,0,0,Cyanobacteria
8.17,14.89,1,1,0,0,0,1,E. coli
4.27,8.68,1,0,1,0,0,1,Salmonella
9.0,3.15,0,0,0,0,0,0,None
6.98,2.37,0,0,0,0,0,0,None
8.86,10.4,0,0,0,0,0,0,None
8.54,16.8,0,0,0,0,0,0,None
9.09,13.76,0,0,0,0,0,0,Sulfate-Reducing Bacteria
5.01,12.72,0,0,0,0,0,0,Fungi
7.94,86.94,1,0,0,0,0,1,E. coli
6.91,9.63,1,1,0,0,0,1,Vibrio cholerae
6.04,6.17,1,0,0,0,0,0,Protozoa
4.95,70.56,1,0,1,0,0,1,Salmonella
7.79,8.91,1,0,0,0,0,1,E. coli
6.14,6.56,0,0,0,0,1,0,Hepatitis A/E
6.9,59.69,1,1,0,0,0,1,E. coli
9.62,1.54,0,0,0,0,0,1,None
8.87,61.34,1,1,0,0,0,1,Vibrio cholerae
5.21,3.58,0,0,0,0,0,0,Fungi
9.05,6.04,1,1,0,0,0,1,Vibrio cholerae
6.75,65.51,1,1,0,0,0,1,Vibrio cholerae
6.31,3.84,0,0,1,0,0,0,None
5.31,14.61,0,0,0,0,0,0,Fungi
4.52,28.67,1,1,0,0,0,1,Vibrio cholerae
6.65,0.4,0,0,0,0,0,0,None
6.82,9.0,1,0,0,0,0,0,Protozoa
7.66,13.88,1,1,0,0,0,1,Vibrio cholerae
7.66,9.54,1,1,0,1,0,0,Cyanobacteria
7.02,52.4,1,0,0,0,0,1,E. coli
7.54,6.64,1,0,0,0,0,0,Protozoa
6.72,13.03,0,0,1,0,1,0,Hepatitis A/E
4.37,12.87,1,1,0,1,0,1,Vibrio cholerae
5.09,83.66,0,0,0,1,0,0,Fungi
4.05,11.05,0,0,0,1,0,0,Fungi
8.44,3.25,0,0,0,0,0,0,None
9.34,8.5,0,0,0,0,0,0,Sulfate-Reducing Bacteria
6.27,12.52,1,0,0,0,0,1,E. coli
6.15,1.64,0,0,0,0,0,0,None
5.87,2.5,0,0,0,0,0,0,None
4.5,9.09,1,0,1,0,0,1,Salmonella
7.06,80.93,0,0,0,0,1,0,Hepatitis A/E
4.08,6.46,0,0,0,0,0,0,Fungi
8.62,4.07,1,1,0,0,0,1,Vibrio cholerae
5.58,2.59,0,0,0,0,0,1,None
9.13,8.13,0,0,0,0,0,0,Sulfate-Reducing Bacteria
6.98,5.7,1,0,0,0,0,1,E. coli
6.94,90.32,1,0,0,0,0,1,E. coli
5.37,7.91,0,0,0,0,0,0,Fungi
4.07,73.99,0,0,0,0,0,0,Fungi
8.8,2.36,0,0,0,0,0,0,None
6.85,12.98,1,1,0,0,0,1,E. coli
6.26,2.46,0,0,0,0,0,0,None
4.82,1.0,0,0,0,1,0,0,Fungi
7.8,9.95,1,0,0,0,0,0,Protozoa
8.78,23.38,1,0,1,0,0,1,Salmonella
6.65,6.5,1,0,0,0,0,0,Protozoa
8.62,66.03,0,0,0,0,0,0,None
8.77,2.39,0,0,0,0,0,0,None
9.59,50.6,1,1,0,0,0,1,Vibrio cholerae
4.23,95.42,0,0,0,0,0,0,Fungi
8.39,0.58,0,0,0,0,0,0,None
7.1,12.83,1,1,0,0,0,0,Viruses
4.44,2.86,0,0,0,0,0,0,Fungi
5.58,14.72,1,0,0,0,0,0,Protozoa
4.43,2.16,0,0,0,1,0,0,Fungi
8.14,41.52,1,0,0,0,0,1,E. coli
8.7,2.77,0,0,0,0,0,0,None
7.16,11.94,1,1,0,0,0,1,Vibrio cholerae
6.96,0.89,0,0,0,0,0,0,None
4.06,3.64,0,0,0,0,0,0,Fungi
5.02,8.83,1,1,0,0,0,1,Vibrio cholerae
9.03,0.99,0,0,0,0,0,0,Sulfate-Reducing Bacteria
8.07,7.43,1,1,0,0,0,1,E. coli
8.95,3.76,0,0,0,0,0,0,None
9.81,11.68,0,0,0,0,0,0,Sulfate-Reducing Bacteria
6.77,7.79,1,0,0,0,0,1,E. coli
6.24,4.31,0,0,1,0,0,0,None
9.43,14.6,1,0,1,0,0,1,Salmonella
5.96,8.53,1,0,0,0,0,0,Protozoa
5.17,14.79,1,1,0,1,0,1,Vibrio cholerae
6.76,10.87,1,1,0,0,0,1,Vibrio cholerae
8.12,34.95,1,0,1,0,0,1,Salmonella
9.46,14.91,0,0,0,0,0,0,Sulfate-Reducing Bacteria
6.12,7.71,1,0,0,0,0,1,E. coli
8.36,9.33,1,0,0,0,0,1,E. coli
9.8,5.12,1,0,1,0,0,1,Salmonella
5.28,8.28,0,0,0,0,1,0,Hepatitis A/E
6.8,5.34,1,1,0,0,0,1,Vibrio cholerae
5.27,5.09,1,1,0,1,0,1,Vibrio cholerae
4.43,9.57,1,1,0,1,0,1,Vibrio cholerae
9.01,16.62,1,0,1,0,0,1,Salmonella
5.73,9.86,1,1,0,0,0,1,E. coli
6.07,9.68,1,0,0,0,0,0,Protozoa
7.58,10.54,1,0,0,0,0,1,E. coli
4.28,13.61,0,0,0,1,0,0,Fungi
4.49,13.97,1,1,0,0,0,1,Vibrio cholerae
6.93,39.48,1,1,0,0,0,1,E. coli
4.51,0.6,0,0,0,0,0,0,Fungi
4.54,10.0,0,0,0,0,0,0,Fungi
8.78,0.9,0,0,1,0,0,0,None
7.6,11.67,0,0,0,0,0,0,Protozoa
6.78,9.47,1,1,0,0,0,1,Vibrio cholerae
9.71,8.85,0,0,0,0,1,0,Hepatitis A/E
7.04,4.84,1,1,0,0,0,1,Vibrio cholerae
5.95,12.96,1,0,0,0,0,1,E. coli
8.46,84.74,1,0,0,0,0,0,Protozoa
7.74,1.04,0,0,0,0,0,0,None
6.58,15.15,1,0,0,0,0,0,Protozoa
8.08,1.22,1,0,1,0,0,1,Salmonella
5.08,9.39,1,1,0,0,0,1,Vibrio cholerae
5.54,8.22,1,0,0,0,0,0,Protozoa
7.85,93.9,1,0,0,0,0,0,Protozoa
6.76,14.81,1,0,0,0,0,0,Protozoa
7.31,6.72,1,0,0,0,0,1,E. coli
5.54,11.58,1,0,0,0,0,1,E. coli
4.53,8.83,1,1,0,1,0,1,Vibrio cholerae
5.25,9.96,0,0,0,0,0,0,Fungi
4.94,10.01,1,0,1,0,0,1,Salmonella
9.97,3.3,0,0,0,0,0,0,Sulfate-Reducing Bacteria
6.84,80.88,1,1,0,0,0,1,E. coli
9.04,8.51,0,0,0,0,0,0,Sulfate-Reducing Bacteria
4.58,2.49,0,0,0,0,0,0,Fungi
6.2,6.14,0,0,0,0,1,0,Hepatitis A/E
5.02,6.46,0,0,0,1,0,0,Fungi
7.19,54.99,1,1,0,0,0,1,Vibrio cholerae
9.0,26.42,0,0,0,0,0,0,None
8.78,69.29,0,0,0,0,0,0,None
6.85,10.74,1,0,1,0,0,1,Salmonella
5.64,1.93,0,0,0,0,0,0,None
5.69,95.88,1,0,0,0,0,0,Protozoa
5.7,42.34,1,0,0,0,0,1,E. coli
5.07,13.98,0,0,0,0,0,0,Fungi
5.09,29.18,1,1,0,0,0,1,Vibrio cholerae
8.38,9.07,1,0,0,0,0,1,E. coli
4.23,2.9,0,0,0,0,0,0,Fungi
5.25,8.28,0,0,0,0,0,0,Fungi
5.57,11.16,1,1,0,0,0,1,E. coli
6.92,0.34,0,0,0,0,0,0,None
6.15,18.79,1,0,0,0,0,0,Protozoa
6.73,5.85,1,1,0,0,0,1,Vibrio cholerae
8.38,41.48,1,0,0,0,0,0,Protozoa
5.58,5.54,1,0,0,0,0,0,Protozoa
8.56,9.12,0,0,1,0,1,0,Hepatitis A/E
4.32,11.99,0,0,0,0,0,0,Fungi
5.88,9.94,1,0,0,0,0,0,Protozoa
7.14,2.72,0,0,0,0,0,0,None
9.61,76.02,0,0,0,0,0,0,Sulfate-Reducing Bacteria
4.6,10.82,0,0,0,1,0,0,Fungi
7.35,14.52,1,0,0,0,0,1,E. coli
9.09,14.01,1,1,0,0,0,1,Vibrio cholerae
8.91,1.98,0,0,0,0,0,0,None
6.89,0.93,0,0,0,0,1,0,Hepatitis A/E
8.74,56.04,0,0,0,0,0,0,None
5.08,69.59,0,0,0,0,0,0,Fungi
7.79,2.44,0,0,1,0,0,0,None
5.22,4.1,0,0,0,0,0,0,Fungi
6.3,3.57,0,0,1,0,0,0,None
8.08,8.39,1,1,0,1,0,1,Cyanobacteria
7.09,4.4,0,0,0,0,0,1,Salmonella
5.22,9.2,0,0,0,1,0,0,Fungi
6.52,0.15,0,0,0,0,0,0,None
6.24,6.36,1,0,0,0,0,0,Protozoa
8.18,11.41,1,0,1,0,0,1,Salmonella
4.17,61.27,0,0,0,0,0,0,Fungi
7.26,12.28,1,1,0,0,0,1,E. coli
6.24,9.34,1,0,0,0,0,0,Protozoa
8.16,59.52,1,0,0,0,0,0,Protozoa
7.38,9.26,1,0,0,0,0,1,E. coli
8.9,3.2,0,0,0,0,0,0,None
4.77,95.94,1,1,0,0,0,1,Vibrio cholerae
4.66,13.14,0,0,0,0,0,0,Fungi
7.44,10.88,1,0,0,0,0,0,Protozoa
7.5,11.0,1,1,0,0,0,1,Vibrio cholerae
9.64,4.54,0,0,0,0,0,0,Sulfate-Reducing Bacteria
5.31,2.33,0,0,0,0,0,0,Fungi
5.57,0.36,0,0,0,0,0,0,None
8.05,86.85,1,1,1,1,0,1,Cyanobacteria
4.69,12.17,1,1,0,0,0,1,Vibrio cholerae
8.11,5.94,1,0,0,0,0,1,E. coli
8.43,2.82,0,0,0,0,0,1,None
5.78,2.57,0,0,0,0,1,0,Hepatitis A/E
9.98,6.22,0,0,0,0,0,1,Salmonella
7.72,6.63,1,0,0,1,0,0,Cyanobacteria
4.8,14.28,1,0,1,0,0,1,Salmonella
6.35,80.25,1,0,1,0,0,1,Salmonella
7.95,6.73,1,0,0,0,0,1,E. coli
7.31,7.57,1,0,0,0,0,1,E. coli
7.48,14.66,1,0,0,0,0,1,E. coli
9.02,12.84,0,0,0,0,0,0,Sulfate-Reducing Bacteria
8.49,13.65,0,0,0,0,0,0,Protozoa
5.26,10.41,0,0,0,1,0,0,Fungi
5.39,11.35,0,0,0,0,0,0,Fungi
5.23,8.47,0,0,0,1,0,0,Fungi
4.31,10.29,0,0,0,0,0,0,Fungi
9.42,66.51,0,0,0,0,0,0,None
6.0,48.84,1,0,0,0,0,1,E. coli
7.61,8.49,1,0,0,0,0,0,Protozoa
6.74,8.07,0,0,0,0,1,0,Hepatitis A/E
4.22,6.35,0,0,0,1,0,0,Fungi
6.58,86.75,1,1,0,0,0,1,Vibrio cholerae
5.67,4.68,0,0,0,0,0,0,None
7.96,41.39,1,1,0,1,0,1,Cyanobacteria
4.02,13.61,0,0,0,0,0,0,Fungi
4.9,4.1,0,0,0,0,0,0,Fungi
4.68,4.37,0,0,0,1,0,0,Fungi
6.16,5.93,1,0,1,0,0,1,Salmonella
5.14,0.28,0,0,0,1,0,0,Fungi
5.98,13.62,1,1,0,0,0,1,Vibrio cholerae
7.91,7.25,1,0,0,0,0,1,E. coli
7.93,9.33,0,0,1,0,1,0,Hepatitis A/E
9.19,95.87,0,0,0,0,0,0,Sulfate-Reducing Bacteria
8.74,3.74,1,1,0,0,0,1,Vibrio cholerae
5.56,14.74,1,1,0,0,0,1,Vibrio cholerae
9.86,39.11,0,0,0,0,0,0,Sulfate-Reducing Bacteria
7.55,12.24,1,0,0,0,0,1,E. coli
9.56,3.57,0,0,0,0,0,0,Sulfate-Reducing Bacteria
5.45,9.57,0,0,0,1,0,0,Fungi
4.52,2.02,0,0,0,0,0,0,Fungi
6.24,1.32,0,0,0,0,0,0,None
7.15,9.93,1,0,0,0,0,1,E. coli
8.52,8.4,0,0,1,0,0,0,None
9.16,6.55,0,0,0,0,0,0,Sulfate-Reducing Bacteria
6.58,8.48,1,0,0,0,0,0,Protozoa
7.88,13.51,1,0,0,0,0,0,Protozoa
6.43,7.45,1,0,0,0,0,1,E. coli
5.73,1.81,0,0,0,0,0,0,None
8.93,1.84,1,0,1,0,0,1,Salmonella
6.63,63.74,1,0,0,0,0,0,Protozoa
4.87,3.49,1,0,1,0,0,1,Salmonella
9.11,4.73,0,0,0,0,0,0,Sulfate-Reducing Bacteria
5.48,14.39,0,0,0,1,0,0,Fungi
5.06,13.31,1,1,0,0,0,1,Vibrio cholerae
5.69,59.79,1,0,0,0,0,1,E. coli
6.23,14.72,1,0,0,0,0,1,E. coli
8.63,12.05,1,1,0,0,0,1,Vibrio cholerae
5.73,5.95,1,1,0,0,0,1,Vibrio cholerae
6.07,13.75,1,1,0,0,0,1,E. coli
7.27,9.2,1,0,0,0,0,1,E. coli
6.18,2.41,0,0,0,0,0,0,None
9.45,7.48,0,0,0,0,1,0,Hepatitis A/E
4.54,12.55,0,0,0,0,0,0,Fungi
9.46,94.85,1,1,0,0,0,1,Vibrio cholerae
5.07,56.86,1,0,1,0,0,1,Salmonella
4.99,4.14,1,1,0,1,0,1,Vibrio cholerae
7.28,9.19,1,0,0,0,0,0,Protozoa
6.66,9.39,1,1,0,0,0,1,Vibrio cholerae
5.41,6.74,0,0,0,1,0,0,Fungi
8.66,4.45,0,0,1,0,0,0,None
7.74,63.7,1,0,0,0,0,1,E. coli
4.1,8.13,0,0,0,0,0,0,Fungi
8.42,14.19,1,0,0,1,0,1,Cyanobacteria
9.65,6.23,0,0,0,0,0,0,Sulfate-Reducing Bacteria
8.32,89.31,1,1,0,0,0,1,E. coli
7.97,7.25,1,0,0,0,0,0,Protozoa
6.72,0.64,1,0,1,0,0,1,Salmonella
8.65,1.76,0,0,1,0,0,0,None
7.31,2.43,0,0,0,0,0,0,None
4.25,74.16,0,0,0,0,0,0,Fungi
6.54,10.66,1,0,0,0,0,0,Protozoa
4.28,13.76,1,1,0,1,0,1,Vibrio cholerae
9.24,8.89,0,0,0,0,0,0,Sulfate-Reducing Bacteria
8.46,10.12,1,0,0,0,0,1,E. coli
9.89,6.54,0,0,0,0,0,0,Sulfate-Reducing Bacteria
5.6,4.44,1,1,0,0,0,1,Vibrio cholerae
4.11,2.15,0,0,0,0,0,0,Fungi
9.84,6.8,0,0,0,0,0,0,Sulfate-Reducing Bacteria
5.0,1.71,0,0,0,1,0,0,Fungi
7.19,8.6,1,0,0,0,0,0,Protozoa
8.33,2.58,1,0,1,0,0,1,Salmonella
9.36,1.56,0,0,0,0,0,0,Sulfate-Reducing Bacteria
7.3,6.36,1,0,0,0,0,1,E. coli
5.8,14.32,1,0,0,0,0,1,E. coli
9.89,25.02,1,1,0,0,0,1,Vibrio cholerae
9.61,10.76,0,0,0,0,0,0,Sulfate-Reducing Bacteria
4.08,12.24,1,1,0,0,0,1,Vibrio cholerae
9.81,11.84,0,0,0,0,0,0,Sulfate-Reducing Bacteria
8.64,10.49,0,0,0,0,0,0,None
4.01,10.5,0,0,0,1,0,0,Fungi
8.5,7.87,1,0,0,0,0,1,E. coli
8.12,13.26,1,0,0,0,0,1,E. coli
7.04,21.37,1,1,0,0,0,1,E. coli
7.57,9.52,1,0,0,0,0,1,E. coli
4.52,9.61,0,0,0,1,0,0,Fungi
9.24,84.59,0,0,0,0,0,0,Sulfate-Reducing Bacteria
6.41,4.7,1,0,1,0,0,1,Salmonella
5.69,13.05,1,0,0,0,0,0,Protozoa
4.51,10.56,0,0,0,0,0,0,Fungi
7.38,6.81,1,0,0,0,0,1,E. coli
9.2,2.23,0,0,0,0,0,0,Sulfate-Reducing Bacteria
8.88,7.59,0,0,0,0,0,0,None
6.62,4.47,0,0,0,0,0,0,None
4.88,11.01,1,0,1,0,0,1,Salmonella
8.92,5.87,0,0,0,0,0,0,None
8.77,5.6,0,0,0,0,0,0,None
9.86,6.97,0,0,0,0,0,0,Sulfate-Reducing Bacteria
7.92,3.61,0,0,0,0,0,1,None
7.73,11.12,1,0,1,0,0,1,Salmonella
8.98,6.23,0,0,0,0,0,0,None
6.45,12.19,1,0,0,0,0,0,Protozoa
4.47,5.01,0,0,0,0,1,0,Hepatitis A/E
6.54,43.7,1,0,0,0,0,0,Protozoa
9.97,10.52,0,0,0,0,0,1,Vibrio cholerae
4.4,6.39,0,0,0,0,0,0,Fungi
8.75,6.64,0,0,0,0,0,0,None
5.22,36.36,0,0,0,1,0,0,Fungi
6.05,0.16,0,0,0,0,0,0,None
6.08,1.29,0,0,0,0,0,0,None
4.92,4.68,0,0,0,0,0,0,Fungi
6.13,12.03,1,1,0,0,0,1,E. coli
6.24,20.78,1,0,0,0,0,1,E. coli
9.56,0.37,0,0,0,0,0,0,Sulfate-Reducing Bacteria
7.62,28.04,1,1,0,0,0,0,Viruses
6.75,6.26,0,0,0,0,0,0,Viruses
7.67,1.28,0,0,0,0,0,0,None
10.0,3.21,0,0,0,0,1,0,Hepatitis A/E
7.09,13.14,1,0,0,0,0,1,E. coli
9.7,10.84,0,0,0,0,0,0,Sulfate-Reducing Bacteria
7.21,13.43,1,0,0,0,0,1,E. coli
8.39,4.61,0,0,0,1,0,0,Cyanobacteria
6.86,13.57,1,0,1,0,0,1,Salmonella
9.93,42.9,1,1,0,0,0,1,Vibrio cholerae
4.98,2.61,0,0,0,1,0,0,Fungi
5.15,11.44,0,0,0,0,0,0,Fungi
9.8,44.23,0,0,0,0,0,0,Sulfate-Reducing Bacteria
4.06,6.36,0,0,1,0,1,0,Hepatitis A/E
6.12,4.41,0,0,0,0,0,0,None
8.73,0.97,0,0,0,0,0,0,None
9.04,3.48,0,0,0,0,0,0,Sulfate-Reducing Bacteria
8.58,0.11,0,0,0,0,0,0,None
7.02,3.73,1,1,0,0,0,1,Vibrio cholerae
9.15,12.06,1,1,0,0,0,1,Vibrio cholerae
7.59,1.43,0,0,0,0,0,0,None
5.84,8.23,1,1,0,0,0,1,E. coli
7.34,53.41,1,0,0,0,0,1,E. coli
9.06,0.86,0,0,0,0,0,0,Sulfate-Reducing Bacteria
4.37,2.14,0,0,0,0,1,0,Hepatitis A/E
5.46,2.97,0,0,0,1,0,0,Fungi
5.32,56.04,0,0,0,1,0,0,Fungi
9.17,4.47,0,0,0,0,0,0,Sulfate-Reducing Bacteria
8.51,8.89,0,0,0,0,0,0,None
4.11,1.77,0,0,0,1,0,0,Fungi
5.95,14.27,1,0,0,0,0,1,E. coli
4.94,10.65,0,0,0,0,0,0,Fungi
9.79,3.44,0,0,0,0,0,0,Sulfate-Reducing Bacteria
4.74,49.87,0,0,0,0,0,0,Fungi
5.73,10.06,1,0,0,0,0,0,Protozoa
6.57,4.65,0,0,0,0,0,0,None
7.38,5.87,1,1,0,0,0,1,E. coli
5.7,0.62,0,0,0,0,1,0,Hepatitis A/E
9.72,6.78,1,1,0,0,0,1,Vibrio cholerae
9.15,3.85,0,0,0,0,0,0,Sulfate-Reducing Bacteria
8.59,19.41,1,1,0,0,0,1,Vibrio cholerae
8.78,14.07,0,0,1,0,1,0,Hepatitis A/E
9.96,0.22,0,0,0,0,0,0,Sulfate-Reducing Bacteria
5.97,24.38,1,0,0,0,0,1,E. coli
7.83,2.0,0,0,0,0,0,0,None
9.51,70.29,0,0,0,0,0,0,Sulfate-Reducing Bacteria
5.32,4.86,0,0,0,1,0,0,Fungi
8.84,3.72,0,0,0,0,0,0,None
6.6,0.64,0,0,0,0,0,0,None
8.62,92.87,0,0,1,0,1,0,Hepatitis A/E
7.01,13.62,1,0,0,0,0,0,Protozoa
7.76,68.45,1,0,0,0,0,1,E. coli
9.93,16.96,0,0,0,0,0,0,Sulfate-Reducing Bacteria
5.21,13.75,1,0,1,0,0,1,Salmonella
7.26,10.7,1,0,0,0,0,0,Protozoa
7.84,0.71,0,0,0,0,0,1,None
5.51,1.62,0,0,0,0,0,0,None
4.51,4.12,0,0,0,1,0,0,Fungi
5.5,68.98,1,0,0,0,0,0,Protozoa
4.59,8.75,0,0,1,0,1,0,Hepatitis A/E
5.82,1.46,0,0,1,0,0,0,None
7.69,63.03,0,0,0,0,0,0,Viruses
7.37,67.06,1,0,0,0,0,1,E. coli
6.7,7.88,1,1,0,0,0,1,E. coli
9.68,2.47,0,0,0,0,0,0,Sulfate-Reducing Bacteria
9.53,9.27,0,0,0,0,0,0,Sulfate-Reducing Bacteria
8.17,9.24,1,0,0,0,0,1,E. coli
9.22,13.85,0,0,1,0,1,0,Hepatitis A/E
4.64,6.53,0,0,0,0,0,0,Fungi
4.2,12.31,0,0,0,1,0,0,Fungi
6.06,33.54,1,0,1,0,0,1,Salmonella
9.13,9.23,0,0,0,0,0,0,Sulfate-Reducing Bacteria
5.73,2.28,0,0,0,0,0,0,None
8.28,10.52,1,0,0,0,0,0,Protozoa
5.86,5.48,1,1,0,0,0,1,E. coli
6.35,48.87,1,0,0,0,0,1,E. coli
8.45,3.39,0,0,0,0,0,0,None
6.66,10.94,1,0,0,0,0,1,E. coli
8.19,12.96,0,0,0,0,0,1,E. coli
9.66,0.79,0,0,0,0,0,0,Sulfate-Reducing Bacteria
5.38,13.0,0,0,0,0,0,0,Fungi
8.03,78.24,1,1,1,1,0,1,Cyanobacteria
8.62,14.03,0,0,0,0,0,0,None
8.51,2.86,0,0,0,0,0,0,None
9.89,13.61,1,1,0,0,0,1,Vibrio cholerae
9.37,1.85,0,0,0,0,0,0,Sulfate-Reducing Bacteria
9.59,9.88,1,0,1,0,0,1,Salmonella
4.47,77.96,0,0,0,0,0,0,Fungi
8.71,11.95,0,0,0,0,0,0,None
4.46,0.26,0,0,0,0,0,0,Fungi
7.81,11.2,0,0,1,0,1,0,Hepatitis A/E
6.79,56.89,1,0,0,0,0,1,E. coli
7.48,9.48,1,1,0,0,0,1,E. coli
7.65,11.61,1,1,0,0,0,1,Vibrio cholerae
5.45,1.65,0,0,0,0,1,0,Hepatitis A/E
9.56,11.84,0,0,0,0,0,0,Sulfate-Reducing Bacteria
4.83,7.15,0,0,0,1,0,0,Fungi
8.03,5.3,1,0,0,0,0,0,Protozoa
9.49,77.35,0,0,0,0,0,0,Sulfate-Reducing Bacteria
4.83,9.08,0,0,0,1,0,0,Fungi
4.38,0.59,0,0,0,0,0,0,Fungi
5.54,9.29,1,0,0,0,0,1,E. coli
9.93,38.94,1,1,0,0,0,1,Vibrio cholerae
7.64,2.98,0,0,0,1,0,0,Cyanobacteria
9.28,0.78,0,0,0,0,0,0,Sulfate-Reducing Bacteria
4.7,61.71,0,0,0,1,0,0,Fungi
5.76,1.86,0,0,0,0,0,0,None
9.61,12.3,1,1,0,0,0,1,Vibrio cholerae
9.28,41.59,0,0,0,0,0,0,Sulfate-Reducing Bacteria
7.71,5.78,1,0,0,1,0,1,Cyanobacteria
9.95,4.58,0,0,0,0,0,0,Sulfate-Reducing Bacteria
4.07,12.49,0,0,0,0,0,0,Fungi
6.34,12.46,1,1,0,0,0,0,Viruses
8.69,3.44,0,0,0,0,0,0,None
8.17,14.51,1,1,0,0,0,1,Vibrio cholerae
8.04,1.75,0,0,0,0,0,0,None
6.02,89.45,1,0,0,0,0,1,E. coli
8.82,4.59,0,0,0,0,0,1,None
9.83,10.48,0,0,0,0,0,0,Sulfate-Reducing Bacteria
7.29,5.05,1,0,0,0,0,1,E. coli
8.5,9.99,1,1,0,1,0,1,Cyanobacteria
9.55,9.44,1,1,0,0,0,1,Vibrio cholerae
6.7,10.08,1,0,0,0,0,1,E. coli
8.27,5.11,1,1,0,0,0,1,Vibrio cholerae
7.65,3.86,0,0,0,0,0,0,None
8.37,8.81,1,0,0,0,0,0,Protozoa
9.15,14.75,0,0,0,0,0,0,Sulfate-Reducing Bacteria
8.7,1.4,0,0,1,0,1,0,Hepatitis A/E
9.45,3.93,0,0,0,0,0,0,Sulfate-Reducing Bacteria
5.25,13.87,1,0,1,0,0,1,Salmonella
7.91,0.69,1,0,1,0,0,1,Salmonella
4.65,13.66,1,1,0,0,0,1,Vibrio cholerae
5.44,34.98,0,0,0,0,0,0,Fungi
9.77,0.47,0,0,0,0,0,0,Sulfate-Reducing Bacteria
9.17,63.65,0,0,0,0,0,0,Sulfate-Reducing Bacteria
5.16,10.0,0,0,0,1,0,0,Fungi
4.84,73.78,0,0,0,1,0,0,Fungi
6.76,4.78,0,0,1,0,0,0,None
6.25,1.04,0,0,0,0,0,0,None
6.29,13.45,1,1,0,0,0,1,E. coli
6.95,47.16,1,1,0,0,0,1,Vibrio cholerae
5.13,11.63,0,0,0,1,0,0,Fungi
9.83,94.33,1,1,0,0,0,1,Vibrio cholerae
5.9,6.81,1,1,0,0,0,1,E. coli
4.04,82.98,0,0,0,0,0,0,Fungi
7.14,84.0,1,0,0,0,0,1,E. coli
7.84,7.76,1,0,0,0,0,0,Protozoa
7.9,6.99,1,1,1,0,0,1,Salmonella
4.35,11.38,0,0,0,1,0,0,Fungi
5.73,5.66,1,0,0,0,0,0,Protozoa
6.22,13.93,1,0,0,0,0,0,Protozoa
6.13,11.66,1,0,0,0,0,1,E. coli
9.09,6.86,0,0,0,0,0,0,Sulfate-Reducing Bacteria
7.66,2.74,0,0,0,0,0,0,None
8.74,11.4,0,0,0,0,0,0,None
9.71,14.19,0,0,0,0,0,0,Sulfate-Reducing Bacteria
9.19,7.3,0,0,0,0,0,0,Sulfate-Reducing Bacteria
7.91,7.08,0,0,0,0,1,0,Hepatitis A/E
5.68,14.54,1,0,0,0,0,1,E. coli
7.99,1.16,0,0,0,0,0,0,None
8.05,7.56,1,1,0,0,0,1,E. coli
4.34,7.9,0,0,0,0,1,0,Hepatitis A/E
7.37,10.16,1,1,0,0,0,1,Vibrio cholerae
9.29,3.72,0,0,0,0,0,0,Sulfate-Reducing Bacteria
8.01,11.4,1,0,0,0,0,1,E. coli
8.08,4.31,0,0,0,0,0,0,None
8.88,35.63,1,1,0,0,0,1,Vibrio cholerae
7.56,2.57,0,0,0,0,0,0,None
5.94,9.93,1,0,0,0,0,0,Protozoa
5.83,20.98,1,0,1,0,0,1,Salmonella
4.06,3.56,0,0,0,1,0,0,Fungi
8.85,37.45,1,1,0,0,0,1,Vibrio cholerae
8.9,14.85,0,0,1,0,0,0,None
8.88,3.91,0,0,0,0,0,0,None
7.94,7.6,1,0,0,0,0,0,Protozoa
5.83,6.27,1,1,0,0,0,1,Vibrio cholerae
8.16,4.77,0,0,0,0,0,0,None
9.26,59.76,0,0,0,0,0,0,Sulfate-Reducing Bacteria
5.03,4.65,0,0,0,1,0,0,Fungi
7.49,83.59,1,0,0,0,0,1,E. coli
9.24,2.41,0,0,0,0,0,0,Sulfate-Reducing Bacteria
6.57,7.35,1,1,0,0,0,0,Viruses
5.5,7.16,1,1,0,0,0,1,E. coli
8.25,5.27,1,1,1,0,0,1,Salmonella
9.79,8.76,0,0,0,0,0,0,Sulfate-Reducing Bacteria
8.61,43.21,0,0,0,0,0,1,Vibrio cholerae
9.43,12.34,0,0,0,0,0,0,Sulfate-Reducing Bacteria
9.96,13.83,0,0,0,0,0,0,Sulfate-Reducing Bacteria
4.33,14.76,1,1,0,0,0,1,Vibrio cholerae
5.21,3.1,0,0,0,0,0,0,Fungi
5.93,0.98,0,0,0,0,0,0,None
9.29,8.95,1,0,1,0,0,1,Salmonella
6.3,2.4,0,0,0,0,0,0,None
6.13,2.88,0,0,0,0,0,0,None
4.26,0.43,0,0,0,0,0,0,Fungi
5.57,5.56,1,0,0,0,0,0,Protozoa
7.58,13.78,1,0,0,0,0,1,E. coli
7.62,12.8,1,0,0,0,0,1,E. coli
8.43,12.97,0,0,0,0,0,1,E. coli
5.32,8.78,0,0,0,0,0,0,Fungi
6.09,2.26,0,0,1,0,0,0,None
8.35,0.99,0,0,0,0,0,0,None
4.61,13.97,0,0,0,1,0,0,Fungi
7.18,3.14,0,0,0,0,0,0,None
8.31,10.4,1,0,0,0,0,0,Protozoa
4.52,11.76,0,0,0,1,0,0,Fungi
9.88,9.94,0,0,0,0,0,0,Sulfate-Reducing Bacteria
5.93,2.59,0,0,0,0,0,0,None
9.95,8.46,0,0,0,0,0,0,Sulfate-Reducing Bacteria
7.64,5.2,1,1,0,0,0,0,Viruses
8.86,5.05,0,0,0,0,0,0,None
5.85,5.94,1,1,0,0,0,0,Viruses
9.08,0.46,0,0,0,0,1,0,Hepatitis A/E
8.95,2.22,0,0,1,0,1,0,Hepatitis A/E
5.28,31.62,0,0,0,0,0,0,Fungi
9.63,2.89,0,0,0,0,0,0,Sulfate-Reducing Bacteria
8.95,8.85,0,0,0,0,0,0,None
5.38,14.5,0,0,0,1,0,0,Fungi
9.26,1.39,0,0,0,0,0,0,Sulfate-Reducing Bacteria
8.04,70.4,1,0,0,0,0,0,Protozoa
6.66,94.87,1,1,1,0,0,1,Salmonella
5.15,14.88,0,0,0,0,0,0,Fungi
7.73,6.4,1,0,0,1,0,1,Cyanobacteria
5.91,13.66,1,1,0,0,0,1,E. coli
7.06,0.77,0,0,0,0,0,0,None
4.9,3.8,1,0,1,1,0,1,Salmonella
8.82,5.05,0,0,0,0,1,0,Hepatitis A/E
8.24,36.25,1,1,0,0,0,1,E. coli
8.18,9.47,1,0,0,0,0,1,E. coli
8.53,6.38,1,1,0,0,0,1,Vibrio cholerae
8.95,28.35,0,0,0,0,0,0,None
4.63,9.29,0,0,0,1,0,0,Fungi
6.07,0.41,0,0,0,0,0,0,None
4.39,13.37,0,0,0,0,0,0,Fungi
8.74,11.27,0,0,0,0,0,1,Vibrio cholerae
7.02,6.04,1,0,0,0,0,1,E. coli
8.94,10.03,1,1,0,0,0,1,Vibrio cholerae
8.74,72.99,0,0,0,0,0,0,None
7.63,11.68,1,0,0,0,0,1,E. coli
4.58,8.71,0,0,0,0,0,0,Fungi
9.94,3.31,0,0,0,0,0,0,Sulfate-Reducing Bacteria
6.48,5.7,1,1,1,0,0,1,Salmonella
7.85,10.07,1,0,0,0,0,1,E. coli
6.28,10.1,0,0,1,0,1,0,Hepatitis A/E
7.42,14.76,1,0,0,0,0,1,E. coli
5.59,4.91,0,0,0,0,0,0,None
8.78,12.16,0,0,0,0,0,0,None
6.47,3.1,0,0,0,0,0,0,None
9.97,10.1,1,0,1,0,0,1,Salmonella
4.36,4.42,0,0,0,0,0,0,Fungi
6.4,24.69,0,0,0,0,0,1,Vibrio cholerae
5.65,5.35,1,0,0,0,0,1,E. coli
5.42,10.78,1,0,1,0,0,1,Salmonella
7.82,12.77,1,1,0,0,0,0,Viruses
6.44,3.92,0,0,0,0,0,0,None
6.74,1.65,0,0,0,0,0,0,None
6.84,42.36,1,0,1,0,0,1,Salmonella
7.42,2.91,0,0,1,0,0,1,None
7.36,1.95,0,0,0,0,0,0,None
6.1,12.15,1,0,0,0,0,0,Protozoa
7.8,14.14,1,0,1,0,0,1,Salmonella
9.66,1.82,0,0,0,0,0,0,Sulfate-Reducing Bacteria
8.2,13.49,1,1,0,0,0,0,Viruses
8.31,14.69,1,1,0,1,0,1,Cyanobacteria
9.83,8.97,0,0,0,0,0,0,Sulfate-Reducing Bacteria
5.41,10.67,1,1,0,0,0,1,Vibrio cholerae
9.28,25.59,0,0,0,0,0,0,Sulfate-Reducing Bacteria
9.07,36.6,0,0,0,0,0,0,Sulfate-Reducing Bacteria
9.32,81.15,0,0,0,0,0,0,Sulfate-Reducing Bacteria
4.4,9.79,0,0,0,0,0,0,Fungi
8.28,8.84,1,1,0,0,0,1,E. coli
6.64,9.43,1,0,1,0,0,1,Salmonella
8.8,3.07,0,0,1,0,0,0,None
5.54,0.5,0,0,0,0,0,0,None
4.78,8.87,0,0,0,1,0,0,Fungi
6.17,61.59,1,0,0,0,0,1,E. coli
5.61,6.93,1,0,0,0,0,0,Protozoa
7.25,4.9,0,0,0,0,0,0,None
5.45,14.73,0,0,0,1,0,0,Fungi
9.89,8.81,0,0,0,0,0,0,Sulfate-Reducing Bacteria
5.26,0.63,0,0,0,1,0,0,Fungi
7.38,6.79,1,0,0,0,0,0,Protozoa
5.79,12.48,1,0,0,0,0,1,E. coli
7.74,2.93,0,0,0,0,0,0,None
4.92,0.64,0,0,0,1,0,0,Fungi
5.3,3.31,0,0,0,0,0,0,Fungi
6.28,10.18,1,0,0,0,0,1,E. coli
8.95,47.67,0,0,0,0,0,0,None
6.44,4.97,0,0,0,0,0,0,None
5.25,3.29,0,0,0,0,0,0,Fungi
9.23,3.07,0,0,0,0,0,0,None
5.09,9.02,0,0,0,0,0,0,Fungi
9.01,11.07,0,0,0,0,0,0,Sulfate-Reducing Bacteria
7.37,5.36,1,0,1,0,0,1,Salmonella
5.23,7.98,1,1,0,1,0,1,Vibrio cholerae
7.11,7.93,1,1,0,0,0,1,Vibrio cholerae
8.06,1.13,0,0,0,0,0,0,None
8.26,56.85,1,1,0,0,0,1,Vibrio cholerae
5.83,4.49,0,0,0,0,0,0,None
7.96,10.5,1,0,0,1,0,0,Cyanobacteria
9.87,6.65,1,1,0,0,0,1,Vibrio cholerae
7.93,33.19,1,0,0,0,0,0,Protozoa
7.54,2.37,0,0,0,1,0,0,Cyanobacteria
4.96,4.85,0,0,1,0,1,0,Hepatitis A/E
5.61,3.68,0,0,0,0,0,0,None
5.52,0.82,0,0,0,0,0,0,None
7.05,9.23,0,0,0,0,0,0,Protozoa
6.44,6.21,1,1,0,0,0,1,E. coli
6.64,9.74,1,0,0,0,0,1,E. coli
8.29,14.0,1,0,0,0,0,0,Protozoa
4.94,11.78,0,0,0,1,0,0,Fungi
4.98,9.26,0,0,0,0,1,0,Hepatitis A/E
7.25,47.15,1,1,0,0,0,1,Vibrio cholerae
6.51,67.11,1,0,0,0,0,0,Protozoa
9.4,9.32,0,0,0,0,0,0,Sulfate-Reducing Bacteria
7.43,4.49,0,0,0,0,0,0,None
7.57,0.71,1,0,1,1,0,1,Cyanobacteria
4.44,1.6,0,0,0,0,0,0,Fungi
4.77,12.6,1,1,0,0,0,1,Vibrio cholerae
4.59,10.15,0,0,1,0,1,0,Hepatitis A/E
4.28,18.28,0,0,0,0,0,0,Fungi
6.69,11.42,1,0,0,0,0,0,Protozoa
6.44,49.11,1,0,0,0,0,1,E. coli
4.8,9.34,0,0,0,0,0,0,Fungi
9.4,12.04,0,0,0,0,0,0,Sulfate-Reducing Bacteria
5.1,21.13,0,0,0,0,0,0,Fungi
6.48,0.81,0,0,0,0,0,0,None
4.59,83.38,0,0,0,0,0,0,Fungi
9.98,5.03,0,0,0,0,0,0,Sulfate-Reducing Bacteria
6.53,4.79,0,0,0,0,0,0,None
9.39,9.77,0,0,0,0,0,0,Sulfate-Reducing Bacteria
6.05,81.27,1,0,0,0,0,0,Protozoa
9.77,4.09,0,0,0,0,0,0,Sulfate-Reducing Bacteria
5.94,3.52,0,0,1,0,0,0,None
5.71,76.68,1,1,0,0,0,1,Vibrio cholerae
5.12,79.86,1,1,0,1,0,1,Vibrio cholerae
8.16,59.92,1,0,0,0,0,0,Protozoa
9.45,13.26,0,0,0,0,0,0,Sulfate-Reducing Bacteria
9.82,6.84,0,0,0,0,0,0,Sulfate-Reducing Bacteria
6.24,0.52,0,0,0,0,0,0,None
5.47,1.14,0,0,0,0,0,0,Fungi
4.21,6.06,0,0,0,0,0,0,Fungi
7.73,12.52,1,1,1,1,0,1,Cyanobacteria
8.78,44.71,0,0,0,0,0,0,None
5.93,11.6,1,0,0,0,0,1,E. coli
7.02,4.86,0,0,0,0,0,0,None
5.26,71.68,1,0,1,0,0,1,Salmonella
9.0,8.92,0,0,0,0,0,0,None
6.49,1.21,0,0,1,0,0,0,None
7.6,13.41,1,0,0,0,0,0,Protozoa
9.65,7.06,0,0,0,0,0,0,None
9.99,3.35,0,0,0,0,0,0,Sulfate-Reducing Bacteria
7.07,13.35,1,0,0,0,0,1,E. coli
8.19,5.27,1,0,0,0,0,1,E. coli
7.83,5.61,1,0,0,0,0,0,Protozoa
6.13,8.83,1,0,0,0,0,0,Protozoa
7.76,5.12,1,0,0,0,0,1,E. coli
7.72,11.96,0,0,0,0,0,0,Viruses
9.05,52.61,0,0,0,0,0,0,Sulfate-Reducing Bacteria
6.58,5.63,1,1,0,0,0,1,E. coli
9.92,0.14,0,0,0,0,0,0,Sulfate-Reducing Bacteria
6.11,3.71,1,1,0,0,0,1,Vibrio cholerae
8.54,74.76,0,0,0,0,0,1,None
6.1,9.21,1,0,0,0,0,0,Protozoa
6.63,14.22,1,0,0,0,0,1,E. coli
6.13,10.05,0,0,0,0,1,0,Hepatitis A/E
6.42,9.78,1,0,0,0,0,1,E. coli
8.4,61.13,1,1,0,0,0,1,E. coli
9.28,15.76,0,0,0,0,0,0,Sulfate-Reducing Bacteria
6.46,13.0,1,0,0,0,0,1,E. coli
8.89,11.14,0,0,0,0,0,0,None
9.9,9.92,0,0,0,0,0,0,Sulfate-Reducing Bacteria
6.94,6.26,1,1,0,0,0,1,E. coli
8.5,76.63,0,0,1,0,1,0,Hepatitis A/E
5.21,3.99,0,0,0,1,0,0,Fungi
6.16,89.5,0,0,0,0,1,0,Hepatitis A/E
8.97,9.86,1,0,1,0,0,1,Salmonella
5.05,11.9,0,0,0,0,0,0,Fungi
8.27,2.17,0,0,0,0,0,0,None
7.25,5.09,1,0,0,0,0,1,E. coli
9.51,81.32,0,0,0,0,0,0,Sulfate-Reducing Bacteria
5.6,13.06,1,1,0,0,0,1,E. coli
8.61,96.61,1,1,0,0,0,1,Vibrio cholerae
9.1,12.08,0,0,0,0,0,0,Sulfate-Reducing Bacteria
9.6,7.12,0,0,0,0,0,0,Sulfate-Reducing Bacteria
5.23,6.53,0,0,0,0,0,0,Fungi
7.37,1.24,0,0,0,0,0,0,None
8.88,4.74,0,0,1,0,0,0,None
5.85,3.83,0,0,0,0,0,0,None
4.41,10.73,1,0,1,0,0,1,Salmonella
5.84,1.05,1,0,1,0,0,1,Salmonella
8.26,4.33,0,0,0,0,0,0,None
5.56,13.01,1,0,0,0,0,1,E. coli
6.51,0.82,0,0,0,0,0,0,None
9.21,10.57,1,0,1,0,0,1,Salmonella
8.45,14.52,1,1,0,0,0,1,Vibrio cholerae
8.03,73.63,1,0,0,0,0,1,E. coli
5.88,73.73,1,0,0,0,0,1,E. coli
7.25,13.07,1,1,0,0,0,1,Vibrio cholerae
6.25,9.69,1,1,1,0,0,1,Salmonella
7.62,3.12,1,1,0,0,0,1,Vibrio cholerae
4.86,3.79,0,0,0,1,0,0,Fungi
8.09,5.97,1,0,0,0,0,0,Protozoa
8.65,45.91,0,0,0,0,1,0,Hepatitis A/E
7.51,11.25,1,1,0,0,0,1,Vibrio cholerae
6.48,12.21,0,0,0,0,0,1,E. coli
4.21,9.89,0,0,0,0,0,0,Fungi
6.7,7.48,1,0,0,0,0,1,E. coli
7.49,10.55,0,0,0,0,0,1,Salmonella
9.46,14.37,0,0,0,0,0,0,Sulfate-Reducing Bacteria
9.97,5.01,0,0,0,0,0,0,Sulfate-Reducing Bacteria
9.21,13.77,0,0,0,0,0,0,Sulfate-Reducing Bacteria
9.0,4.11,0,0,0,0,0,0,None
4.67,14.99,0,0,0,1,0,0,Fungi
5.23,9.32,0,0,0,1,0,0,Fungi
9.97,7.89,1,1,0,0,0,1,Vibrio cholerae
4.37,7.27,0,0,0,0,0,0,Fungi
6.7,40.44,1,0,0,0,0,1,E. coli
9.12,3.52,0,0,0,0,0,0,None
4.15,13.23,0,0,0,0,0,0,Fungi
8.03,13.72,1,1,0,0,0,0,Viruses
6.41,11.98,1,1,0,0,0,1,Vibrio cholerae
4.16,4.59,0,0,0,1,0,0,Fungi
5.82,0.33,0,0,1,0,0,0,None
4.55,10.34,1,1,0,0,0,1,Vibrio cholerae
5.11,37.85,0,0,0,0,0,0,Fungi
5.5,12.37,1,0,0,0,0,0,Protozoa
6.85,11.34,1,0,0,0,0,1,E. coli
7.9,26.55,1,1,0,0,0,1,E. coli
6.07,11.01,1,0,0,0,0,0,Protozoa
9.14,12.44,0,0,1,0,1,0,Hepatitis A/E
7.97,3.8,0,0,0,0,0,0,None
6.43,6.11,1,1,0,0,0,1,Vibrio cholerae
8.32,81.81,1,1,1,1,0,1,Cyanobacteria
5.72,11.68,1,1,0,0,0,1,Vibrio cholerae
8.63,5.23,0,0,0,0,0,0,None
7.42,14.97,1,1,0,0,0,1,E. coli
9.23,10.34,0,0,0,0,0,0,Sulfate-Reducing Bacteria
5.58,12.97,1,1,0,0,0,1,E. coli
8.52,8.81,0,0,0,0,0,0,None
6.7,2.43,0,0,0,0,0,0,None
8.98,0.28,1,0,1,0,0,1,Salmonella
4.59,12.12,0,0,0,0,0,0,Fungi
7.8,11.02,1,1,0,0,0,1,E. coli
6.61,5.23,1,1,0,0,0,1,Vibrio cholerae
6.32,6.34,1,0,0,0,0,1,E. coli
7.62,45.75,1,1,0,0,0,1,Vibrio cholerae
7.71,11.64,1,0,0,0,0,0,Protozoa
4.65,13.87,0,0,0,0,0,0,Fungi
7.95,12.98,1,1,0,0,0,1,E. coli
9.67,4.96,0,0,0,0,0,0,Sulfate-Reducing Bacteria
9.56,5.86,0,0,0,0,0,0,Sulfate-Reducing Bacteria
4.8,12.71,1,1,0,0,0,1,Vibrio cholerae
7.07,6.0,1,1,0,0,0,1,Vibrio cholerae
6.47,12.74,0,0,0,0,0,1,Vibrio cholerae
9.34,0.61,0,0,0,0,0,0,Sulfate-Reducing Bacteria
9.05,55.9,0,0,0,0,0,0,Sulfate-Reducing Bacteria
6.6,1.13,0,0,0,0,1,0,Hepatitis A/E
8.23,12.41,1,1,0,0,0,1,E. coli
8.89,11.54,0,0,0,0,0,0,None
4.31,51.44,1,1,0,0,0,1,Vibrio cholerae
8.14,10.93,1,0,0,0,0,1,E. coli
5.85,11.68,1,0,0,0,0,0,Protozoa
8.87,27.62,0,0,0,0,0,0,None
9.54,12.3,0,0,0,0,0,0,Sulfate-Reducing Bacteria
7.89,13.56,1,0,0,1,0,1,Cyanobacteria
5.52,10.86,1,0,0,0,0,0,Protozoa
9.25,4.12,0,0,0,0,0,0,Sulfate-Reducing Bacteria
4.69,5.22,1,1,0,0,0,1,Vibrio cholerae
7.97,8.53,1,0,0,0,0,0,Protozoa
4.32,14.06,0,0,0,1,0,0,Fungi
8.41,8.19,1,1,0,0,0,1,E. coli
7.48,97.77,0,0,0,0,1,0,Hepatitis A/E
9.83,10.27,1,1,0,0,0,1,Vibrio cholerae
9.2,96.82,0,0,0,0,0,0,Sulfate-Reducing Bacteria
8.94,1.31,0,0,0,0,0,0,None
5.84,5.88,1,0,0,0,0,1,E. coli
9.02,14.38,0,0,0,0,0,0,Sulfate-Reducing Bacteria
7.93,1.77,0,0,1,0,0,0,None
7.68,6.45,1,1,0,0,0,1,Vibrio cholerae
8.21,4.29,1,1,0,0,0,1,Vibrio cholerae
7.2,59.3,1,1,0,0,0,1,Vibrio cholerae
6.2,5.71,1,1,0,0,0,1,Vibrio cholerae
4.92,11.53,0,0,1,0,1,0,Hepatitis A/E
5.2,2.39,0,0,0,0,0,0,Fungi
6.2,1.38,0,0,0,0,0,0,None
5.26,43.1,0,0,0,0,0,0,Fungi
9.37,12.05,0,0,0,0,0,0,Sulfate-Reducing Bacteria
7.91,13.45,1,1,0,0,0,1,Vibrio cholerae
5.84,10.95,0,0,0,0,0,1,E. coli
7.65,7.52,1,0,0,0,0,1,E. coli
9.45,10.39,0,0,0,0,0,0,Sulfate-Reducing Bacteria
7.35,5.93,1,1,0,0,0,1,E. coli
7.94,0.18,0,0,0,0,0,0,None
4.02,13.89,0,0,0,0,0,0,Fungi
7.78,4.65,0,0,0,0,0,0,None
9.31,35.76,0,0,1,0,1,0,Hepatitis A/E
7.32,0.84,0,0,0,0,0,0,None
7.51,13.26,1,0,1,1,0,1,Cyanobacteria
6.66,2.96,0,0,0,0,0,0,None
4.83,7.56,0,0,0,1,0,0,Fungi
7.82,2.56,0,0,0,0,0,0,None
5.56,0.31,1,0,1,0,0,1,Salmonella
5.95,13.3,1,0,0,0,0,0,Protozoa
4.38,12.76,0,0,0,0,0,0,Fungi
4.68,10.16,0,0,0,0,0,0,Fungi
5.74,52.56,1,1,0,0,0,1,E. coli
8.21,6.55,1,0,1,0,0,1,Salmonella
7.78,8.32,1,0,0,0,0,1,E. coli
7.76,34.4,1,0,0,0,0,1,E. coli
4.38,12.94,0,0,0,0,0,0,Fungi
6.78,8.16,1,0,0,0,0,1,E. coli
5.36,5.82,0,0,0,0,0,0,Fungi
5.04,13.02,0,0,0,0,0,0,Fungi
9.91,5.53,0,0,0,0,0,0,Sulfate-Reducing Bacteria
8.03,5.67,1,0,0,0,0,0,Protozoa
7.66,29.25,1,1,0,0,0,1,E. coli
9.77,43.28,1,0,1,0,0,1,Salmonella
6.1,13.9,1,0,0,0,0,1,E. coli
6.74,0.95,0,0,0,0,0,0,None
5.88,8.3,1,0,0,0,0,0,Protozoa
9.53,2.0,0,0,0,0,0,0,Sulfate-Reducing Bacteria
4.61,4.56,0,0,0,1,0,0,Fungi
5.61,96.95,1,0,0,0,0,1,E. coli
7.33,7.62,1,0,0,0,0,0,Protozoa
7.27,10.29,1,0,0,0,0,1,E. coli
5.14,25.72,0,0,0,0,0,0,Fungi
7.02,8.79,1,1,0,0,0,1,Vibrio cholerae
8.14,5.48,1,1,0,0,0,1,E. coli
9.49,2.19,0,0,0,0,0,0,None
8.09,91.07,1,0,0,0,0,1,E. coli
5.98,0.59,0,0,0,0,0,0,None
9.53,1.97,0,0,0,0,0,0,Sulfate-Reducing Bacteria
9.18,14.62,0,0,0,0,0,0,Sulfate-Reducing Bacteria
4.93,6.19,0,0,0,1,0,0,Fungi
5.8,58.41,1,0,0,0,0,0,Protozoa
7.11,9.34,1,0,0,0,0,1,E. coli
7.53,61.7,1,1,1,1,0,1,Cyanobacteria
7.13,9.98,1,1,0,0,0,1,Vibrio cholerae
7.79,4.09,0,0,0,0,0,0,None
8.1,2.18,0,0,0,0,0,1,None
8.35,12.26,0,0,0,0,0,1,E. coli
5.92,40.2,1,1,0,0,0,1,Vibrio cholerae
6.28,10.44,1,0,0,0,0,1,E. coli
5.31,4.7,0,0,0,0,0,0,Fungi
5.07,4.69,0,0,0,0,0,0,Fungi
5.66,12.8,1,0,0,0,0,1,E. coli
6.06,8.92,1,1,0,0,0,0,Viruses
7.06,14.53,1,1,0,0,0,1,Vibrio cholerae
6.9,14.68,1,0,0,0,0,1,E. coli
6.13,9.93,1,0,0,0,0,0,Protozoa
5.09,4.59,1,0,1,0,0,1,Salmonella
7.01,25.09,1,0,1,0,0,1,Salmonella
5.63,6.56,1,0,0,0,0,1,E. coli
6.05,1.6,0,0,0,0,0,1,Salmonella
4.76,13.23,0,0,0,0,0,0,Fungi
9.23,4.88,1,1,0,0,0,1,Vibrio cholerae
5.29,5.26,0,0,0,0,0,0,Fungi
4.22,9.04,1,1,0,1,0,1,Vibrio cholerae
6.94,10.82,1,1,0,0,0,1,Vibrio cholerae
9.48,20.65,0,0,0,0,0,0,Sulfate-Reducing Bacteria
6.21,12.51,1,1,0,0,0,1,Vibrio cholerae
7.98,14.86,1,0,1,0,0,1,Salmonella
5.45,7.37,0,0,0,1,0,0,Fungi
8.01,0.85,0,0,0,0,0,0,None
6.18,4.28,0,0,0,0,0,0,None
5.01,11.84,0,0,0,1,0,0,Fungi
7.88,40.75,1,0,0,0,0,1,E. coli
6.63,39.63,1,1,0,0,0,1,Vibrio cholerae
8.07,1.81,0,0,0,0,0,0,None
8.14,2.3,0,0,0,0,0,0,None
5.22,14.36,0,0,0,0,0,0,Fungi
9.18,13.4,0,0,0,0,1,0,Hepatitis A/E
7.51,8.96,1,0,0,0,0,0,Protozoa
9.73,11.43,0,0,0,0,0,0,Sulfate-Reducing Bacteria
8.39,1.83,0,0,1,0,1,0,Hepatitis A/E
6.53,10.51,1,0,0,0,0,0,Protozoa
5.88,3.64,0,0,0,0,0,0,None
8.76,6.35,1,0,1,0,0,1,Salmonella
4.77,12.46,0,0,0,1,0,0,Fungi
6.13,34.63,1,0,0,0,0,1,E. coli
8.98,4.37,1,0,1,0,0,1,Salmonella
7.84,14.6,1,0,0,0,0,1,E. coli
6.47,9.12,1,0,0,0,0,1,E. coli
7.94,1.77,0,0,0,0,0,0,None
9.94,13.62,0,0,0,0,0,0,Sulfate-Reducing Bacteria
7.59,2.41,0,0,0,0,0,0,None
9.89,13.4,1,0,1,0,0,1,Salmonella
4.44,7.78,0,0,0,1,0,0,Fungi
6.72,12.34,1,1,0,0,0,1,E. coli
5.17,37.6,0,0,0,0,1,0,Hepatitis A/E
5.8,63.16,0,0,0,0,0,1,Salmonella
9.78,4.26,0,0,0,0,0,0,Sulfate-Reducing Bacteria
7.79,0.27,0,0,0,0,0,0,None
9.33,0.41,0,0,0,0,0,0,Sulfate-Reducing Bacteria
5.14,1.1,0,0,0,0,0,0,Fungi
9.9,29.53,0,0,0,0,0,0,Sulfate-Reducing Bacteria
6.22,35.28,1,1,0,0,0,1,Vibrio cholerae
7.79,10.59,1,1,0,0,0,1,E. coli
6.07,10.23,1,0,0,0,0,0,Protozoa
9.49,12.97,0,0,0,0,0,0,Sulfate-Reducing Bacteria
4.66,1.19,0,0,0,0,0,0,Fungi
9.23,27.89,0,0,0,0,0,0,Sulfate-Reducing Bacteria
6.67,3.19,0,0,0,0,0,0,None
5.65,1.69,0,0,1,0,0,0,None
9.69,4.25,0,0,1,0,1,0,Hepatitis A/E
7.95,13.35,1,0,0,0,0,1,E. coli
9.89,15.63,1,1,0,0,0,1,Vibrio cholerae
4.52,12.02,0,0,0,0,0,0,Fungi
4.55,93.78,0,0,0,0,0,0,Fungi
7.52,7.07,1,0,0,1,0,1,Cyanobacteria
9.1,3.19,1,0,1,0,0,1,Salmonella
7.13,7.83,1,0,0,0,0,1,E. coli
6.34,4.08,0,0,0,0,1,0,Hepatitis A/E
5.19,0.52,0,0,0,0,0,0,Fungi
8.1,4.56,0,0,0,0,0,0,None
9.16,6.42,1,0,1,0,0,1,Salmonella
7.9,1.34,0,0,0,0,0,0,None
6.12,10.97,1,0,0,0,0,1,E. coli
8.71,7.47,0,0,0,0,0,0,None
6.0,31.12,1,0,0,0,0,1,E. coli
5.79,8.95,1,1,0,0,0,1,Vibrio cholerae
7.24,14.26,1,0,0,0,0,1,E. coli
5.28,9.57,0,0,0,0,0,0,Fungi
7.21,4.35,0,0,0,0,0,0,None
6.03,35.88,1,1,0,0,0,1,E. coli
6.89,12.73,1,0,0,0,0,0,Protozoa
5.81,14.76,1,1,0,0,0,1,E. coli
5.32,30.73,0,0,0,1,0,0,Fungi
8.39,8.29,1,0,0,0,0,0,Protozoa
6.53,63.66,1,1,0,0,0,0,Viruses
4.3,9.41,0,0,0,1,0,0,Fungi
8.51,1.61,0,0,0,0,0,0,None
4.02,2.53,0,0,0,0,1,0,Hepatitis A/E
5.56,2.59,0,0,0,0,0,0,None
5.58,5.86,1,0,0,0,0,1,E. coli
6.05,4.19,0,0,0,0,0,0,None
6.97,1.61,1,0,1,0,0,1,Salmonella
8.03,7.6,1,1,0,0,0,1,E. coli
6.02,9.88,1,0,0,0,0,1,E. coli
9.16,46.97,0,0,0,0,0,0,Sulfate-Reducing Bacteria
7.4,8.37,1,0,0,0,0,1,E. coli
5.88,7.16,1,1,1,0,0,1,Salmonella
9.71,3.03,0,0,0,0,0,0,Sulfate-Reducing Bacteria
8.82,0.18,0,0,0,0,0,0,None
5.82,13.56,1,1,1,0,0,1,Salmonella
5.42,0.66,0,0,0,0,0,0,Fungi
5.12,9.59,1,1,0,0,0,1,Vibrio cholerae
4.04,73.81,1,1,0,0,0,1,Vibrio cholerae
6.16,3.17,0,0,0,0,0,0,None
4.06,7.28,0,0,0,0,0,0,Fungi
7.16,0.28,0,0,0,0,0,0,None
6.21,8.24,1,1,0,0,0,1,E. coli
7.07,3.64,1,0,1,0,0,1,Salmonella
8.88,5.03,0,0,0,0,0,1,None
6.89,64.47,1,0,0,0,0,1,E. coli
9.72,4.46,1,1,0,0,0,1,Vibrio cholerae
7.56,7.68,1,1,0,0,0,1,E. coli
8.34,1.65,0,0,0,1,0,0,Cyanobacteria
7.23,11.62,1,0,0,0,0,1,E. coli
7.02,8.57,1,0,0,0,0,1,E. coli
4.24,3.45,0,0,0,1,0,0,Fungi
9.56,7.65,1,0,1,0,0,1,Salmonella
4.03,12.31,0,0,0,0,0,0,Fungi
9.4,3.78,1,1,0,0,0,1,Vibrio cholerae
6.41,48.92,1,0,1,0,0,1,Salmonella
7.17,6.01,1,1,0,0,0,1,Vibrio cholerae
8.83,3.09,0,0,1,0,0,0,None
7.18,6.95,1,0,0,0,0,0,Protozoa
4.07,8.79,1,0,1,0,0,1,Salmonella
4.05,11.26,0,0,0,0,0,0,Fungi
9.41,93.34,1,0,1,0,0,1,Salmonella
7.8,6.63,1,0,0,0,0,1,E. coli
6.45,5.63,1,1,0,0,0,0,Viruses
4.22,34.71,0,0,0,1,0,1,Vibrio cholerae
5.72,0.99,0,0,0,0,0,0,None
4.55,55.53,0,0,0,0,0,0,Fungi
4.84,3.91,0,0,0,1,0,0,Fungi
8.46,3.93,0,0,0,0,0,0,None
9.06,11.29,0,0,0,0,0,0,Sulfate-Reducing Bacteria
9.08,5.35,0,0,0,0,0,0,Sulfate-Reducing Bacteria
5.4,10.58,0,0,0,0,0,0,Fungi
5.29,6.12,0,0,0,0,1,0,Hepatitis A/E
9.79,7.83,0,0,1,0,1,0,Hepatitis A/E
7.74,14.56,1,1,0,1,0,1,Cyanobacteria
4.86,1.7,0,0,0,0,0,0,Fungi
8.15,90.96,1,1,0,0,0,0,Viruses
5.56,77.43,1,0,0,0,0,1,E. coli
8.83,22.81,0,0,0,0,0,0,None
4.64,6.39,0,0,0,0,0,0,Fungi
5.37,34.94,0,0,0,0,0,0,Fungi
8.86,1.98,0,0,1,0,0,0,None
5.25,8.18,0,0,0,0,0,0,Fungi
7.49,7.53,1,1,0,0,0,1,Vibrio cholerae
8.04,3.24,0,0,0,0,0,0,None
6.2,6.45,1,0,0,0,0,1,E. coli
6.18,6.37,1,0,0,0,0,1,E. coli
7.04,9.07,1,0,0,0,0,0,Protozoa
5.44,11.42,0,0,0,1,0,0,Fungi
8.89,5.1,0,0,0,0,0,0,None
7.53,7.54,1,1,1,0,0,1,Salmonella
9.27,3.69,0,0,0,0,0,0,Sulfate-Reducing Bacteria
5.61,9.5,1,1,0,0,0,1,E. coli
7.12,6.95,1,1,0,0,0,0,Viruses
9.79,3.97,0,0,0,0,0,0,Sulfate-Reducing Bacteria
4.18,7.86,0,0,0,1,0,0,Fungi
8.33,14.46,1,0,0,0,0,0,Protozoa
5.13,23.03,0,0,0,1,0,0,Fungi
8.1,10.89,1,0,0,0,0,1,E. coli
6.57,3.28,1,1,0,0,0,1,Vibrio cholerae
4.97,58.78,1,1,0,0,0,1,Vibrio cholerae
7.76,0.86,0,0,0,0,0,0,None
9.74,6.7,0,0,0,0,0,0,Sulfate-Reducing Bacteria
6.78,6.49,1,0,0,0,0,0,Protozoa
6.28,6.75,1,1,0,0,0,1,E. coli
6.25,12.56,1,0,0,0,0,1,E. coli
4.6,2.32,0,0,0,0,0,0,Fungi
7.47,59.22,0,0,0,0,1,0,Hepatitis A/E
9.3,5.91,0,0,0,0,0,0,Sulfate-Reducing Bacteria
7.6,13.39,1,1,0,0,0,0,Viruses
7.88,8.65,1,1,0,0,0,1,Vibrio cholerae
7.41,9.13,1,1,0,0,0,1,E. coli
9.71,11.02,0,0,0,0,0,1,Salmonella
8.22,2.81,0,0,0,0,0,1,None
4.8,3.68,0,0,0,0,0,0,Fungi
6.72,84.01,1,1,0,0,0,1,E. coli
9.53,2.25,0,0,0,0,0,0,Sulfate-Reducing Bacteria
8.76,0.56,0,0,0,0,0,0,None
6.76,10.26,1,1,0,0,0,1,E. coli
4.27,11.74,0,0,0,1,0,0,Fungi
4.63,6.4,0,0,0,0,1,0,Hepatitis A/E
6.82,10.39,1,0,0,0,0,0,Protozoa
4.32,7.33,1,0,1,0,0,1,Salmonella
7.13,5.1,1,0,0,0,0,1,E. coli
5.5,10.63,1,1,0,0,0,1,Vibrio cholerae
8.87,67.63,1,1,0,0,0,1,Vibrio cholerae
7.35,0.72,0,0,0,0,0,0,None
6.8,9.53,0,0,0,0,0,1,Vibrio cholerae
4.32,6.37,0,0,0,0,0,0,Fungi
9.36,9.28,0,0,0,0,0,0,Sulfate-Reducing Bacteria
9.78,7.7,0,0,0,0,0,0,Sulfate-Reducing Bacteria
5.87,3.78,0,0,0,0,0,0,None
6.39,1.02,0,0,0,0,0,0,None
9.61,2.53,0,0,0,0,0,0,Sulfate-Reducing Bacteria
6.85,14.96,1,0,0,0,0,1,E. coli
5.36,10.44,0,0,0,0,0,0,Fungi
5.58,2.41,0,0,0,0,0,0,None
5.14,1.32,0,0,0,1,0,0,Fungi
6.44,82.9,1,0,0,0,0,1,E. coli
6.44,0.23,0,0,0,0,0,0,None
9.84,0.36,0,0,0,0,0,0,Sulfate-Reducing Bacteria
4.68,13.5,0,0,0,0,0,0,Fungi
9.5,10.96,1,0,1,0,0,1,Salmonella
7.73,90.39,1,0,0,0,0,1,E. coli
8.86,4.44,0,0,0,0,0,0,None
6.02,4.64,0,0,0,0,0,0,None
4.54,44.07,0,0,0,1,0,0,Fungi
9.49,48.53,0,0,0,0,0,0,Sulfate-Reducing Bacteria
5.83,3.94,0,0,0,0,0,0,None
8.91,5.72,0,0,0,0,1,0,Hepatitis A/E
9.29,89.59,0,0,0,0,1,0,Hepatitis A/E
7.47,10.48,1,0,0,0,0,0,Protozoa
9.21,91.43,0,0,0,0,0,0,Sulfate-Reducing Bacteria
7.77,9.65,0,0,1,0,1,0,Hepatitis A/E
5.21,10.72,0,0,0,0,0,0,Fungi
5.97,85.65,1,1,0,0,0,1,Vibrio cholerae
7.8,11.68,1,0,0,0,0,0,Protozoa
4.32,2.82,0,0,0,1,0,0,Fungi
8.94,13.33,0,0,0,0,0,0,None
4.82,2.42,1,0,1,0,0,1,Salmonella
9.88,14.44,1,1,0,0,0,1,Vibrio cholerae
4.75,53.01,0,0,0,0,0,0,Fungi
5.8,12.42,1,1,0,0,0,1,Vibrio cholerae
7.32,9.81,1,0,0,0,0,0,Protozoa
5.34,40.9,1,1,0,1,0,1,Vibrio cholerae
9.94,38.79,0,0,0,0,0,0,None
5.07,9.46,0,0,0,0,0,0,Fungi
5.06,12.3,0,0,0,0,0,0,Fungi
4.93,0.92,0,0,0,0,0,0,Fungi
8.35,10.22,1,0,0,0,0,1,E. coli
5.29,12.54,0,0,0,0,0,0,Fungi
8.28,41.96,1,0,0,0,0,1,E. coli
7.91,16.74,1,0,0,1,0,1,Cyanobacteria
5.29,3.81,0,0,0,0,0,0,Fungi
4.06,5.24,0,0,0,1,0,0,Fungi
